type,entry_time,entry_price,stop_loss,take_profit,lot_size,duration,direction_mult,exit_price,exit_time,profit
buy,2024.12.27 01:35,1.04231,1.04081,1.04731,0.02,5,1,1.04214,"('2024.12.27 02:00',)",-0.34000000000000696
sell,2024.12.27 06:00,1.04122,1.04272,1.0362200000000001,0.02,5,-1,1.04101,"('2024.12.27 06:25',)",0.42000000000008697
sell,2024.12.27 07:30,1.04099,1.0424900000000001,1.0359900000000002,0.02,5,-1,1.04093,"('2024.12.27 07:55',)",0.12000000000034206
buy,2024.12.27 16:25,1.04319,1.04169,1.04819,0.02,5,1,1.04316,"('2024.12.27 16:50',)",-0.05999999999994898
sell,2024.12.27 17:50,1.04281,1.04431,1.0378100000000001,0.02,5,-1,1.04279,"('2024.12.27 18:15',)",0.03999999999981796
sell,2024.12.27 23:20,1.04253,1.04403,1.03753,0.02,5,-1,1.04226,"('2024.12.27 23:45',)",0.5399999999999849
buy,2024.12.30 00:55,1.04296,1.04146,1.04796,0.02,5,1,1.04326,"('2024.12.30 01:20',)",0.5999999999999339
buy,2024.12.30 08:25,1.04292,1.04142,1.04792,0.02,5,1,1.04287,"('2024.12.30 08:50',)",-0.10000000000021103
sell,2024.12.31 16:15,1.03857,1.04007,1.03357,0.02,5,-1,1.0379,"('2024.12.31 16:40',)",1.3399999999998968
sell,2024.12.31 19:20,1.03516,1.0366600000000001,1.0301600000000002,0.02,5,-1,1.03444,"('2024.12.31 19:45',)",1.440000000000108
sell,2025.01.02 02:55,1.03519,1.0366900000000001,1.0301900000000002,0.02,5,-1,1.03517,"('2025.01.02 03:20',)",0.04000000000026205
buy,2025.01.02 05:50,1.03707,1.0355699999999999,1.0420699999999998,0.02,5,1,1.03737,"('2025.01.02 06:15',)",0.5999999999999339
buy,2025.01.02 09:40,1.03682,1.03532,1.04182,0.02,5,1,1.03597,"('2025.01.02 10:05',)",-1.7000000000000348
sell,2025.01.02 16:30,1.03152,1.03302,1.02652,0.02,5,-1,1.03034,"('2025.01.02 16:55',)",2.3599999999999177
sell,2025.01.02 20:45,1.02587,1.0273700000000001,1.0208700000000002,0.02,5,-1,1.0251,"('2025.01.02 21:10',)",1.540000000000319
buy,2025.01.03 01:00,1.02663,1.0251299999999999,1.0316299999999998,0.02,5,1,1.02663,"('2025.01.03 01:25',)",0.0
buy,2025.01.03 04:20,1.02689,1.02539,1.03189,0.02,5,1,1.0274,"('2025.01.03 04:45',)",1.020000000000021
buy,2025.01.03 09:20,1.02769,1.02619,1.0326899999999999,0.02,5,1,1.02828,"('2025.01.03 09:45',)",1.180000000000181
buy,2025.01.03 11:50,1.02892,1.02742,1.03392,0.02,5,1,1.02831,"('2025.01.03 12:15',)",-1.2199999999999989
buy,2025.01.03 14:25,1.02961,1.0281099999999999,1.0346099999999998,0.02,5,1,1.02971,"('2025.01.03 14:50',)",0.19999999999997797
buy,2025.01.03 23:40,1.0307,1.0292,1.0356999999999998,0.02,5,1,1.03016,"('2025.01.06 00:05',)",-1.0799999999999699
buy,2025.01.06 01:35,1.03051,1.02901,1.03551,0.02,5,1,1.03022,"('2025.01.06 02:00',)",-0.580000000000247
buy,2025.01.06 04:35,1.03133,1.02983,1.03633,0.02,5,1,1.03174,"('2025.01.06 05:00',)",0.8200000000000429
buy,2025.01.06 07:20,1.03165,1.03015,1.0366499999999998,0.02,5,1,1.03134,"('2025.01.06 07:45',)",-0.6200000000000649
sell,2025.01.06 20:30,1.03855,1.0400500000000001,1.0335500000000002,0.02,5,-1,1.03818,"('2025.01.06 20:55',)",0.7399999999999629
buy,2025.01.07 09:55,1.04145,1.03995,1.0464499999999999,0.02,5,1,1.04099,"('2025.01.07 10:20',)",-0.9199999999998099
sell,2025.01.07 18:45,1.03706,1.0385600000000001,1.0320600000000002,0.02,5,-1,1.03632,"('2025.01.07 19:10',)",1.4800000000003701
sell,2025.01.07 20:00,1.03668,1.03818,1.0316800000000002,0.02,5,-1,1.03612,"('2025.01.07 20:25',)",1.120000000000232
buy,2025.01.08 07:45,1.03539,1.03389,1.04039,0.02,5,1,1.03566,"('2025.01.08 08:10',)",0.5399999999999849
buy,2025.01.08 08:35,1.03555,1.03405,1.0405499999999999,0.02,5,1,1.03435,"('2025.01.08 09:00',)",-2.3999999999997357
sell,2025.01.08 11:40,1.03225,1.03375,1.02725,0.02,5,-1,1.03136,"('2025.01.08 12:05',)",1.779999999999671
sell,2025.01.08 14:40,1.02922,1.03072,1.0242200000000001,0.02,5,-1,1.02855,"('2025.01.08 15:05',)",1.3399999999998968
buy,2025.01.08 18:10,1.02995,1.0284499999999999,1.0349499999999998,0.02,5,1,1.03044,"('2025.01.08 18:35',)",0.9800000000002029
buy,2025.01.08 20:15,1.0309,1.0293999999999999,1.0358999999999998,0.02,5,1,1.03155,"('2025.01.08 20:40',)",1.300000000000079
buy,2025.01.08 21:15,1.03213,1.03063,1.0371299999999999,0.02,5,1,1.03116,"('2025.01.08 21:40',)",-1.9399999999998307
sell,2025.01.10 01:05,1.03,1.0315,1.0250000000000001,0.02,5,-1,1.02972,"('2025.01.10 01:30',)",0.560000000000116
buy,2025.01.10 15:10,1.0306,1.0291,1.0355999999999999,0.02,4,1,1.02243,"('2025.01.10 15:30',)",-16.34000000000002
sell,2025.01.10 17:25,1.02675,1.02825,1.0217500000000002,0.02,5,-1,1.02523,"('2025.01.10 17:50',)",3.0399999999999316
sell,2025.01.10 19:15,1.02386,1.02536,1.01886,0.02,5,-1,1.02485,"('2025.01.10 19:40',)",-1.9800000000000928
sell,2025.01.13 04:05,1.02427,1.02577,1.0192700000000001,0.02,5,-1,1.02445,"('2025.01.13 04:30',)",-0.360000000000138
buy,2025.01.13 15:10,1.02003,1.01853,1.0250299999999999,0.02,5,1,1.02168,"('2025.01.13 15:35',)",3.2999999999998586
buy,2025.01.13 19:50,1.02177,1.02027,1.02677,0.02,5,1,1.02132,"('2025.01.13 20:15',)",-0.9000000000001229
sell,2025.01.14 04:00,1.02469,1.0261900000000002,1.0196900000000002,0.02,5,-1,1.02442,"('2025.01.14 04:25',)",0.5399999999999849
sell,2025.01.14 15:15,1.02532,1.02682,1.0203200000000001,0.02,5,-1,1.02533,"('2025.01.14 15:40',)",-0.020000000000131024
buy,2025.01.14 17:25,1.02698,1.02548,1.03198,0.02,5,1,1.02917,"('2025.01.14 17:50',)",4.3799999999998285
buy,2025.01.14 21:10,1.02976,1.02826,1.03476,0.02,5,1,1.03037,"('2025.01.14 21:35',)",1.2199999999999989
sell,2025.01.15 05:10,1.03004,1.0315400000000001,1.0250400000000002,0.02,5,-1,1.03012,"('2025.01.15 05:35',)",-0.15999999999971593
buy,2025.01.15 21:40,1.02906,1.02756,1.03406,0.02,5,1,1.02921,"('2025.01.15 22:05',)",0.2999999999997449
buy,2025.01.16 01:50,1.02937,1.0278699999999998,1.0343699999999998,0.02,5,1,1.02916,"('2025.01.16 02:15',)",-0.4199999999996429
buy,2025.01.16 02:20,1.02916,1.02766,1.03416,0.02,5,1,1.02887,"('2025.01.16 02:45',)",-0.580000000000247
sell,2025.01.16 13:55,1.02901,1.03051,1.02401,0.02,5,-1,1.02768,"('2025.01.16 14:20',)",2.6600000000001067
buy,2025.01.16 18:20,1.02938,1.02788,1.0343799999999999,0.02,5,1,1.03058,"('2025.01.16 18:45',)",2.4000000000001798
buy,2025.01.16 21:30,1.03005,1.0285499999999999,1.0350499999999998,0.02,5,1,1.03017,"('2025.01.16 21:55',)",0.24000000000024002
buy,2025.01.17 10:50,1.02955,1.02805,1.0345499999999999,0.02,5,1,1.02994,"('2025.01.17 11:15',)",0.780000000000225
buy,2025.01.17 12:35,1.03024,1.02874,1.03524,0.02,5,1,1.03001,"('2025.01.17 13:00',)",-0.45999999999990493
buy,2025.01.17 14:05,1.03009,1.02859,1.0350899999999998,0.02,5,1,1.03024,"('2025.01.17 14:30',)",0.300000000000189
sell,2025.01.20 01:00,1.02732,1.02882,1.0223200000000001,0.02,5,-1,1.02682,"('2025.01.20 01:25',)",0.9999999999998899
buy,2025.01.20 09:20,1.03093,1.0294299999999998,1.0359299999999998,0.02,5,1,1.03148,"('2025.01.20 09:45',)",1.100000000000101
buy,2025.01.20 12:25,1.03162,1.03012,1.0366199999999999,0.02,5,1,1.03141,"('2025.01.20 12:50',)",-0.42000000000008697
buy,2025.01.20 16:40,1.0425,1.041,1.0474999999999999,0.02,5,1,1.04199,"('2025.01.20 17:05',)",-1.020000000000021
buy,2025.01.20 17:45,1.03909,1.03759,1.04409,0.02,5,1,1.03952,"('2025.01.20 18:10',)",0.8599999999998609
buy,2025.01.21 02:00,1.04264,1.04114,1.04764,0.02,5,1,1.04285,"('2025.01.21 02:25',)",0.42000000000008697
buy,2025.01.21 06:10,1.03909,1.03759,1.04409,0.02,5,1,1.03911,"('2025.01.21 06:35',)",0.03999999999981796
sell,2025.01.21 12:35,1.03575,1.03725,1.03075,0.02,5,-1,1.03485,"('2025.01.21 13:00',)",1.7999999999998018
buy,2025.01.21 20:20,1.0425,1.041,1.0474999999999999,0.02,5,1,1.04329,"('2025.01.21 20:45',)",1.580000000000137
sell,2025.01.22 04:55,1.04135,1.04285,1.03635,0.02,5,-1,1.0412,"('2025.01.22 05:20',)",0.300000000000189
buy,2025.01.22 10:25,1.04131,1.03981,1.0463099999999999,0.02,5,1,1.04207,"('2025.01.22 10:50',)",1.5200000000001879
sell,2025.01.22 17:40,1.04171,1.04321,1.03671,0.02,5,-1,1.04217,"('2025.01.22 18:05',)",-0.920000000000254
buy,2025.01.22 21:55,1.04201,1.04051,1.04701,0.02,5,1,1.04203,"('2025.01.22 22:20',)",0.03999999999981796
sell,2025.01.23 00:55,1.04072,1.0422200000000001,1.0357200000000002,0.02,5,-1,1.04072,"('2025.01.23 01:20',)",0.0
buy,2025.01.24 06:25,1.04486,1.0433599999999998,1.0498599999999998,0.02,5,1,1.04469,"('2025.01.24 06:50',)",-0.34000000000000696
buy,2025.01.24 09:15,1.04522,1.04372,1.05022,0.02,5,1,1.04529,"('2025.01.24 09:40',)",0.140000000000029
sell,2025.01.24 14:30,1.04859,1.05009,1.04359,0.02,5,-1,1.04736,"('2025.01.24 14:55',)",2.4599999999996847
buy,2025.01.24 18:50,1.05122,1.04972,1.05622,0.02,5,1,1.05197,"('2025.01.24 19:15',)",1.5000000000000568
sell,2025.01.24 22:20,1.04948,1.05098,1.04448,0.02,5,-1,1.049,"('2025.01.24 22:45',)",0.9600000000000719
buy,2025.01.27 11:35,1.04812,1.0466199999999999,1.0531199999999998,0.02,5,1,1.04975,"('2025.01.27 12:00',)",3.260000000000041
buy,2025.01.27 12:20,1.04946,1.04796,1.05446,0.02,5,1,1.05075,"('2025.01.27 12:45',)",2.5800000000000267
buy,2025.01.27 13:50,1.05131,1.04981,1.0563099999999999,0.02,5,1,1.05121,"('2025.01.27 14:15',)",-0.19999999999997797
sell,2025.01.27 20:10,1.04893,1.05043,1.04393,0.02,5,-1,1.04845,"('2025.01.27 20:35',)",0.9599999999996278
buy,2025.01.28 00:00,1.04907,1.04757,1.0540699999999998,0.02,5,1,1.04919,"('2025.01.28 00:25',)",0.24000000000024002
sell,2025.01.28 03:30,1.04511,1.04661,1.04011,0.02,5,-1,1.04377,"('2025.01.28 03:55',)",2.6799999999997937
sell,2025.01.28 05:30,1.04351,1.04501,1.03851,0.02,5,-1,1.04291,"('2025.01.28 05:55',)",1.1999999999998678
buy,2025.01.28 15:50,1.04242,1.0409199999999998,1.0474199999999998,0.02,5,1,1.0431,"('2025.01.28 16:15',)",1.3600000000000279
buy,2025.01.29 08:10,1.04409,1.04259,1.0490899999999999,0.02,5,1,1.04423,"('2025.01.29 08:35',)",0.280000000000058
sell,2025.01.29 13:30,1.04052,1.04202,1.03552,0.02,5,-1,1.04015,"('2025.01.29 13:55',)",0.7399999999999629
sell,2025.01.29 15:00,1.04018,1.0416800000000002,1.0351800000000002,0.02,5,-1,1.03874,"('2025.01.29 15:25',)",2.880000000000216
buy,2025.01.30 00:50,1.04206,1.04056,1.0470599999999999,0.02,5,1,1.04212,"('2025.01.30 01:15',)",0.11999999999989797
buy,2025.01.30 01:35,1.04236,1.04086,1.0473599999999998,0.02,5,1,1.04254,"('2025.01.30 02:00',)",0.360000000000138
buy,2025.01.30 05:00,1.04234,1.04084,1.04734,0.02,5,1,1.04249,"('2025.01.30 05:25',)",0.2999999999997449
sell,2025.01.30 23:50,1.03922,1.04072,1.0342200000000001,0.02,5,-1,1.03917,"('2025.01.31 00:15',)",0.10000000000021103
sell,2025.02.03 02:10,1.0257,1.0272000000000001,1.0207000000000002,0.02,5,-1,1.02275,"('2025.02.03 02:35',)",5.900000000000016
buy,2025.02.03 22:00,1.02871,1.02721,1.03371,0.02,5,1,1.02953,"('2025.02.03 22:25',)",1.6400000000000858
buy,2025.02.04 01:00,1.03422,1.0327199999999999,1.0392199999999998,0.02,5,1,1.0338,"('2025.02.04 01:25',)",-0.8399999999997299
buy,2025.02.04 10:50,1.033,1.0314999999999999,1.0379999999999998,0.02,5,1,1.03444,"('2025.02.04 11:15',)",2.880000000000216
buy,2025.02.04 12:00,1.03411,1.03261,1.03911,0.02,5,1,1.03361,"('2025.02.04 12:25',)",-1.000000000000334
buy,2025.02.04 16:35,1.03481,1.03331,1.03981,0.02,5,1,1.0369,"('2025.02.04 17:00',)",4.1799999999998505
buy,2025.02.04 17:30,1.03748,1.03598,1.0424799999999999,0.02,5,1,1.03802,"('2025.02.04 17:55',)",1.0799999999999699
buy,2025.02.05 09:05,1.03865,1.03715,1.04365,0.02,5,1,1.04022,"('2025.02.05 09:30',)",3.1399999999996986
buy,2025.02.05 16:45,1.04197,1.04047,1.04697,0.02,5,1,1.04249,"('2025.02.05 17:10',)",1.0399999999997078
sell,2025.02.06 13:55,1.03619,1.03769,1.03119,0.02,5,-1,1.03574,"('2025.02.06 14:20',)",0.8999999999996788
buy,2025.02.06 16:20,1.0364,1.0349,1.0413999999999999,0.02,5,1,1.0363,"('2025.02.06 16:45',)",-0.19999999999997797
buy,2025.02.06 17:00,1.03711,1.03561,1.0421099999999999,0.02,5,1,1.03663,"('2025.02.06 17:25',)",-0.9600000000000719
buy,2025.02.06 17:55,1.03692,1.03542,1.04192,0.02,5,1,1.03755,"('2025.02.06 18:20',)",1.2599999999998168
buy,2025.02.06 19:00,1.03724,1.0357399999999999,1.0422399999999998,0.02,5,1,1.03785,"('2025.02.06 19:25',)",1.2199999999999989
buy,2025.02.06 23:25,1.03869,1.0371899999999998,1.0436899999999998,0.02,5,1,1.03845,"('2025.02.06 23:50',)",-0.47999999999959186
sell,2025.02.07 07:35,1.03798,1.03948,1.03298,0.02,5,-1,1.0374,"('2025.02.07 08:00',)",1.1599999999996058
buy,2025.02.07 11:30,1.03931,1.03781,1.0443099999999998,0.02,5,1,1.03909,"('2025.02.07 11:55',)",-0.4399999999997739
buy,2025.02.07 16:45,1.03842,1.0369199999999998,1.0434199999999998,0.02,5,1,1.03749,"('2025.02.07 17:10',)",-1.8599999999997507
buy,2025.02.07 17:30,1.03772,1.03622,1.0427199999999999,0.02,4,1,1.03451,"('2025.02.07 17:50',)",-6.41999999999987
sell,2025.02.10 18:05,1.03161,1.03311,1.02661,0.02,5,-1,1.0308,"('2025.02.10 18:30',)",1.6199999999999548
sell,2025.02.11 05:45,1.03,1.0315,1.0250000000000001,0.02,5,-1,1.03006,"('2025.02.11 06:10',)",-0.11999999999989797
buy,2025.02.11 07:50,1.03041,1.02891,1.03541,0.02,5,1,1.03056,"('2025.02.11 08:15',)",0.2999999999997449
buy,2025.02.11 11:45,1.03145,1.02995,1.0364499999999999,0.02,5,1,1.03227,"('2025.02.11 12:10',)",1.6400000000000858
buy,2025.02.11 14:10,1.03239,1.0308899999999999,1.0373899999999998,0.02,5,1,1.03267,"('2025.02.11 14:35',)",0.560000000000116
buy,2025.02.11 15:00,1.03232,1.0308199999999998,1.0373199999999998,0.02,5,1,1.03177,"('2025.02.11 15:25',)",-1.0999999999996568
buy,2025.02.11 21:55,1.03583,1.03433,1.04083,0.02,5,1,1.03616,"('2025.02.11 22:20',)",0.6599999999998829
buy,2025.02.12 11:30,1.03722,1.03572,1.04222,0.02,5,1,1.03734,"('2025.02.12 11:55',)",0.23999999999979593
buy,2025.02.13 02:20,1.03916,1.03766,1.04416,0.02,5,1,1.03952,"('2025.02.13 02:45',)",0.7199999999998319
buy,2025.02.13 03:30,1.03948,1.03798,1.0444799999999999,0.02,5,1,1.03995,"('2025.02.13 03:55',)",0.9399999999999409
buy,2025.02.13 08:10,1.04361,1.0421099999999999,1.0486099999999998,0.02,5,1,1.04359,"('2025.02.13 08:35',)",-0.03999999999981796
sell,2025.02.13 15:15,1.0392,1.0407,1.0342,0.02,5,-1,1.03993,"('2025.02.13 15:40',)",-1.4600000000002387
sell,2025.02.13 16:20,1.03906,1.0405600000000002,1.0340600000000002,0.02,5,-1,1.03968,"('2025.02.13 16:45',)",-1.2399999999996858
buy,2025.02.14 01:05,1.04633,1.04483,1.0513299999999999,0.02,5,1,1.04611,"('2025.02.14 01:30',)",-0.4399999999997739
sell,2025.02.14 14:35,1.04727,1.04877,1.04227,0.02,5,-1,1.04748,"('2025.02.14 15:00',)",-0.42000000000008697
buy,2025.02.14 17:30,1.04985,1.04835,1.0548499999999998,0.02,5,1,1.0508,"('2025.02.14 17:55',)",1.9000000000000128
buy,2025.02.14 20:50,1.05017,1.04867,1.05517,0.02,5,1,1.0501,"('2025.02.14 21:15',)",-0.140000000000029
buy,2025.02.17 02:50,1.04904,1.04754,1.0540399999999999,0.02,5,1,1.04939,"('2025.02.17 03:15',)",0.700000000000145
buy,2025.02.17 17:55,1.04796,1.04646,1.05296,0.02,5,1,1.04793,"('2025.02.17 18:20',)",-0.05999999999994898
buy,2025.02.17 22:45,1.04826,1.04676,1.0532599999999999,0.02,5,1,1.04827,"('2025.02.17 23:10',)",0.020000000000131024
buy,2025.02.20 04:35,1.04301,1.04151,1.0480099999999999,0.02,5,1,1.04345,"('2025.02.20 05:00',)",0.8799999999999919
buy,2025.02.20 11:05,1.04338,1.04188,1.0483799999999999,0.02,5,1,1.04321,"('2025.02.20 11:30',)",-0.34000000000000696
buy,2025.02.20 17:00,1.04463,1.04313,1.0496299999999998,0.02,5,1,1.04662,"('2025.02.20 17:25',)",3.9800000000003166
buy,2025.02.20 18:25,1.04666,1.0451599999999999,1.0516599999999998,0.02,5,1,1.04755,"('2025.02.20 18:50',)",1.7800000000001148
buy,2025.02.20 20:25,1.04909,1.04759,1.05409,0.02,5,1,1.04956,"('2025.02.20 20:50',)",0.9399999999999409
buy,2025.02.20 21:25,1.04929,1.04779,1.05429,0.02,5,1,1.05013,"('2025.02.20 21:50',)",1.679999999999904
buy,2025.02.20 22:20,1.0498,1.0483,1.0548,0.02,5,1,1.05017,"('2025.02.20 22:45',)",0.7399999999999629
buy,2025.02.21 06:00,1.05035,1.0488499999999998,1.0553499999999998,0.02,5,1,1.05039,"('2025.02.21 06:25',)",0.08000000000008001
sell,2025.02.21 11:35,1.04759,1.04909,1.0425900000000001,0.02,5,-1,1.04707,"('2025.02.21 12:00',)",1.040000000000152
buy,2025.02.24 01:15,1.04783,1.04633,1.05283,0.02,5,1,1.04814,"('2025.02.24 01:40',)",0.6200000000000649
buy,2025.02.24 02:00,1.04745,1.04595,1.0524499999999999,0.02,5,1,1.04965,"('2025.02.24 02:25',)",4.3999999999999595
buy,2025.02.24 02:40,1.04928,1.04778,1.0542799999999999,0.02,5,1,1.05088,"('2025.02.24 03:05',)",3.2000000000000917
sell,2025.02.24 08:15,1.05109,1.0525900000000001,1.0460900000000002,0.02,5,-1,1.05052,"('2025.02.24 08:40',)",1.140000000000363
sell,2025.02.24 13:00,1.04769,1.04919,1.0426900000000001,0.02,5,-1,1.04697,"('2025.02.24 13:25',)",1.440000000000108
buy,2025.02.24 20:00,1.04735,1.04585,1.05235,0.02,5,1,1.04848,"('2025.02.24 20:25',)",2.2600000000001508
sell,2025.02.25 10:15,1.04763,1.0491300000000001,1.0426300000000002,0.02,5,-1,1.04648,"('2025.02.25 10:40',)",2.2999999999999687
buy,2025.02.25 22:10,1.05105,1.04955,1.05605,0.02,5,1,1.05121,"('2025.02.25 22:35',)",0.31999999999987594
buy,2025.02.26 10:00,1.04978,1.0482799999999999,1.0547799999999998,0.02,5,1,1.05091,"('2025.02.26 10:25',)",2.2600000000001508
buy,2025.02.27 00:50,1.04876,1.0472599999999999,1.0537599999999998,0.02,5,1,1.04907,"('2025.02.27 01:15',)",0.6200000000000649
sell,2025.02.27 05:30,1.04727,1.04877,1.04227,0.02,5,-1,1.04657,"('2025.02.27 05:55',)",1.399999999999846
buy,2025.02.27 09:10,1.04697,1.04547,1.0519699999999998,0.02,5,1,1.04744,"('2025.02.27 09:35',)",0.9399999999999409
buy,2025.02.27 10:10,1.04764,1.0461399999999998,1.0526399999999998,0.02,5,1,1.04733,"('2025.02.27 10:35',)",-0.6199999999996209
buy,2025.02.27 11:00,1.04774,1.0462399999999998,1.0527399999999998,0.02,5,1,1.04776,"('2025.02.27 11:25',)",0.04000000000026205
buy,2025.02.27 12:40,1.04763,1.04613,1.05263,0.02,5,1,1.04853,"('2025.02.27 13:05',)",1.7999999999998018
sell,2025.02.27 18:15,1.04079,1.0422900000000002,1.0357900000000002,0.02,5,-1,1.04151,"('2025.02.27 18:40',)",-1.4399999999996638
sell,2025.02.27 18:45,1.04139,1.04289,1.0363900000000001,0.02,5,-1,1.04139,"('2025.02.27 19:10',)",0.0
sell,2025.02.28 13:25,1.03961,1.04111,1.03461,0.02,5,-1,1.0398,"('2025.02.28 13:50',)",-0.380000000000269
buy,2025.02.28 17:25,1.0417,1.0402,1.0467,0.02,5,1,1.04052,"('2025.02.28 17:50',)",-2.360000000000362
buy,2025.03.03 03:00,1.0414,1.0399,1.0464,0.02,5,1,1.04198,"('2025.03.03 03:25',)",1.1599999999996058
buy,2025.03.03 03:45,1.04192,1.04042,1.0469199999999999,0.02,5,1,1.04215,"('2025.03.03 04:10',)",0.45999999999990493
buy,2025.03.03 06:20,1.0418,1.0403,1.0468,0.02,5,1,1.04192,"('2025.03.03 06:45',)",0.23999999999979593
sell,2025.03.03 10:15,1.04045,1.0419500000000002,1.0354500000000002,0.02,5,-1,1.03939,"('2025.03.03 10:40',)",2.120000000000122
buy,2025.03.03 13:55,1.04524,1.04374,1.0502399999999998,0.02,5,1,1.04608,"('2025.03.03 14:20',)",1.679999999999904
buy,2025.03.03 15:15,1.04633,1.04483,1.0513299999999999,0.02,5,1,1.04764,"('2025.03.03 15:40',)",2.6199999999998447
buy,2025.03.03 16:15,1.04753,1.04603,1.05253,0.02,5,1,1.04859,"('2025.03.03 16:40',)",2.1199999999996777
buy,2025.03.04 11:25,1.05171,1.0502099999999999,1.0567099999999998,0.02,5,1,1.05143,"('2025.03.04 11:50',)",-0.5599999999996719
buy,2025.03.04 13:00,1.05131,1.04981,1.0563099999999999,0.02,5,1,1.05177,"('2025.03.04 13:25',)",0.920000000000254
buy,2025.03.04 19:15,1.05331,1.05181,1.0583099999999999,0.02,5,1,1.05369,"('2025.03.04 19:40',)",0.7600000000000939
buy,2025.03.04 22:40,1.06075,1.05925,1.06575,0.02,5,1,1.06095,"('2025.03.04 23:05',)",0.39999999999995595
sell,2025.03.05 03:50,1.06152,1.06302,1.0565200000000001,0.02,5,-1,1.06116,"('2025.03.05 04:15',)",0.7199999999998319
buy,2025.03.05 08:50,1.06289,1.0613899999999998,1.0678899999999998,0.02,5,1,1.06334,"('2025.03.05 09:15',)",0.9000000000001229
buy,2025.03.05 10:35,1.06816,1.06666,1.07316,0.02,5,1,1.07106,"('2025.03.05 11:00',)",5.799999999999805
buy,2025.03.05 19:20,1.07835,1.0768499999999999,1.0833499999999998,0.02,5,1,1.07861,"('2025.03.05 19:45',)",0.520000000000298
buy,2025.03.06 01:35,1.07921,1.07771,1.08421,0.02,5,1,1.07977,"('2025.03.06 02:00',)",1.1199999999997878
buy,2025.03.06 04:40,1.08032,1.07882,1.0853199999999998,0.02,5,1,1.07995,"('2025.03.06 05:05',)",-0.7399999999999629
sell,2025.03.06 12:10,1.07933,1.08083,1.07433,0.02,5,-1,1.08011,"('2025.03.06 12:35',)",-1.5600000000000058
buy,2025.03.06 15:15,1.08275,1.08125,1.08775,0.02,5,1,1.08197,"('2025.03.06 15:40',)",-1.5600000000000058
sell,2025.03.07 00:00,1.0787,1.0802,1.0737,0.02,5,-1,1.07834,"('2025.03.07 00:25',)",0.7199999999998319
buy,2025.03.07 06:25,1.08068,1.07918,1.08568,0.02,5,1,1.08103,"('2025.03.07 06:50',)",0.6999999999997009
buy,2025.03.07 11:40,1.08598,1.0844799999999999,1.0909799999999998,0.02,5,1,1.08662,"('2025.03.07 12:05',)",1.2799999999999478
sell,2025.03.07 20:55,1.08398,1.08548,1.07898,0.02,5,-1,1.08385,"('2025.03.07 21:20',)",0.25999999999992696
buy,2025.03.07 22:50,1.08463,1.08313,1.0896299999999999,0.02,5,1,1.08467,"('2025.03.07 23:15',)",0.08000000000008001
buy,2025.03.10 02:10,1.08555,1.08405,1.09055,0.02,5,1,1.08586,"('2025.03.10 02:35',)",0.6200000000000649
sell,2025.03.10 17:00,1.08364,1.08514,1.07864,0.02,5,-1,1.08398,"('2025.03.10 17:25',)",-0.6800000000000139
sell,2025.03.10 18:35,1.08353,1.0850300000000002,1.0785300000000002,0.02,5,-1,1.08296,"('2025.03.10 19:00',)",1.140000000000363
buy,2025.03.10 23:25,1.08323,1.0817299999999999,1.0882299999999998,0.02,5,1,1.08346,"('2025.03.10 23:50',)",0.460000000000349
buy,2025.03.11 01:20,1.08428,1.0827799999999999,1.0892799999999998,0.02,5,1,1.08419,"('2025.03.11 01:45',)",-0.17999999999984695
buy,2025.03.11 02:35,1.08453,1.08303,1.0895299999999999,0.02,5,1,1.08449,"('2025.03.11 03:00',)",-0.08000000000008001
buy,2025.03.11 03:35,1.08464,1.08314,1.08964,0.02,5,1,1.08579,"('2025.03.11 04:00',)",2.2999999999999687
buy,2025.03.11 09:35,1.08848,1.0869799999999998,1.0934799999999998,0.02,5,1,1.08899,"('2025.03.11 10:00',)",1.020000000000021
buy,2025.03.11 11:40,1.09019,1.08869,1.0951899999999999,0.02,5,1,1.08963,"('2025.03.11 12:05',)",-1.1199999999997878
buy,2025.03.11 15:10,1.09168,1.09018,1.0966799999999999,0.02,5,1,1.0921,"('2025.03.11 15:35',)",0.8400000000001739
buy,2025.03.11 18:10,1.09237,1.09087,1.09737,0.02,5,1,1.09239,"('2025.03.11 18:35',)",0.03999999999981796
sell,2025.03.11 23:20,1.0914,1.0929,1.0864,0.02,5,-1,1.0911,"('2025.03.11 23:45',)",0.5999999999999339
sell,2025.03.12 03:35,1.09126,1.09276,1.08626,0.02,5,-1,1.0909,"('2025.03.12 04:00',)",0.7199999999998319
sell,2025.03.12 04:15,1.0908,1.0923,1.0858,0.02,5,-1,1.09057,"('2025.03.12 04:40',)",0.45999999999990493
buy,2025.03.12 10:50,1.09169,1.09019,1.09669,0.02,5,1,1.09219,"('2025.03.12 11:15',)",0.9999999999998899
buy,2025.03.13 04:35,1.08956,1.08806,1.09456,0.02,5,1,1.08932,"('2025.03.13 05:00',)",-0.48000000000003595
buy,2025.03.13 17:40,1.08616,1.08466,1.09116,0.02,5,1,1.08574,"('2025.03.13 18:05',)",-0.8400000000001739
buy,2025.03.14 01:40,1.08535,1.08385,1.09035,0.02,5,1,1.08572,"('2025.03.14 02:05',)",0.7399999999999629
sell,2025.03.14 08:40,1.08414,1.0856400000000002,1.0791400000000002,0.02,5,-1,1.08411,"('2025.03.14 09:05',)",0.06000000000039307
buy,2025.03.14 11:20,1.08492,1.08342,1.08992,0.02,5,1,1.0854,"('2025.03.14 11:45',)",0.9599999999996278
buy,2025.03.14 14:15,1.09054,1.08904,1.09554,0.02,5,1,1.08992,"('2025.03.14 14:40',)",-1.2400000000001299
buy,2025.03.17 01:15,1.08834,1.08684,1.09334,0.02,5,1,1.08834,"('2025.03.17 01:40',)",0.0
buy,2025.03.17 16:20,1.09063,1.08913,1.0956299999999999,0.02,5,1,1.09138,"('2025.03.17 16:45',)",1.5000000000000568
buy,2025.03.18 18:00,1.09292,1.0914199999999998,1.0979199999999998,0.02,5,1,1.0934,"('2025.03.18 18:25',)",0.9600000000000719
sell,2025.03.19 07:50,1.09311,1.09461,1.0881100000000001,0.02,5,-1,1.09258,"('2025.03.19 08:15',)",1.0599999999998388
buy,2025.03.19 13:55,1.09081,1.08931,1.09581,0.02,5,1,1.09114,"('2025.03.19 14:20',)",0.6599999999998829
buy,2025.03.19 23:50,1.09032,1.08882,1.0953199999999998,0.02,5,1,1.09101,"('2025.03.20 00:15',)",1.3800000000001589
buy,2025.03.20 02:30,1.09126,1.0897599999999998,1.0962599999999998,0.02,5,1,1.09122,"('2025.03.20 02:55',)",-0.07999999999963592
sell,2025.03.20 06:05,1.09098,1.0924800000000001,1.0859800000000002,0.02,5,-1,1.09077,"('2025.03.20 06:30',)",0.42000000000008697
sell,2025.03.20 08:10,1.08978,1.09128,1.08478,0.02,5,-1,1.08907,"('2025.03.20 08:35',)",1.4199999999999766
sell,2025.03.20 08:45,1.08929,1.0907900000000001,1.0842900000000002,0.02,5,-1,1.08911,"('2025.03.20 09:10',)",0.360000000000138
sell,2025.03.21 03:40,1.08549,1.0869900000000001,1.0804900000000002,0.02,5,-1,1.08532,"('2025.03.21 04:05',)",0.34000000000000696
sell,2025.03.21 04:10,1.08544,1.08694,1.08044,0.02,5,-1,1.08463,"('2025.03.21 04:35',)",1.6199999999999548
buy,2025.03.21 21:25,1.082,1.0805,1.087,0.02,5,1,1.08185,"('2025.03.21 21:50',)",-0.300000000000189
buy,2025.03.24 00:50,1.08177,1.0802699999999998,1.0867699999999998,0.02,5,1,1.08225,"('2025.03.24 01:15',)",0.9600000000000719
buy,2025.03.24 07:55,1.08289,1.0813899999999999,1.0878899999999998,0.02,5,1,1.08382,"('2025.03.24 08:20',)",1.860000000000195
sell,2025.03.24 17:20,1.07993,1.0814300000000001,1.0749300000000002,0.02,5,-1,1.0794,"('2025.03.24 17:45',)",1.060000000000283
sell,2025.03.24 19:45,1.07884,1.08034,1.0738400000000001,0.02,5,-1,1.07882,"('2025.03.24 20:10',)",0.04000000000026205
buy,2025.03.24 21:05,1.08022,1.07872,1.0852199999999999,0.02,5,1,1.08031,"('2025.03.24 21:30',)",0.18000000000029104
buy,2025.03.25 13:15,1.08161,1.08011,1.0866099999999999,0.02,5,1,1.0825,"('2025.03.25 13:40',)",1.7800000000001148
buy,2025.03.26 09:55,1.07855,1.0770499999999998,1.0835499999999998,0.02,5,1,1.07892,"('2025.03.26 10:20',)",0.740000000000407
buy,2025.03.27 13:45,1.07835,1.0768499999999999,1.0833499999999998,0.02,5,1,1.07932,"('2025.03.27 14:10',)",1.9400000000002748
buy,2025.03.27 17:05,1.07892,1.07742,1.08392,0.02,5,1,1.08072,"('2025.03.27 17:30',)",3.5999999999996035
sell,2025.03.28 11:45,1.07775,1.07925,1.07275,0.02,5,-1,1.0773,"('2025.03.28 12:10',)",0.9000000000001229
buy,2025.03.28 16:55,1.08226,1.08076,1.08726,0.02,5,1,1.08417,"('2025.03.28 17:20',)",3.820000000000157
buy,2025.03.28 21:50,1.0824,1.0809,1.0874,0.02,5,1,1.08267,"('2025.03.28 22:15',)",0.5399999999999849
sell,2025.03.31 12:00,1.08284,1.08434,1.0778400000000001,0.02,5,-1,1.08257,"('2025.03.31 12:25',)",0.5399999999999849
buy,2025.03.31 20:10,1.08128,1.07978,1.08628,0.02,5,1,1.08131,"('2025.03.31 20:35',)",0.05999999999994898
buy,2025.03.31 21:25,1.08117,1.07967,1.0861699999999999,0.02,5,1,1.08165,"('2025.03.31 21:50',)",0.9600000000000719
buy,2025.04.01 00:55,1.08187,1.08037,1.08687,0.02,5,1,1.08163,"('2025.04.01 01:20',)",-0.48000000000003595
buy,2025.04.01 06:10,1.08227,1.08077,1.08727,0.02,5,1,1.08243,"('2025.04.01 06:35',)",0.31999999999987594
buy,2025.04.01 07:25,1.08257,1.08107,1.08757,0.02,5,1,1.08286,"('2025.04.01 07:50',)",0.5799999999998029
sell,2025.04.01 10:15,1.08036,1.08186,1.07536,0.02,5,-1,1.07996,"('2025.04.01 10:40',)",0.7999999999999119
buy,2025.04.01 17:00,1.0798,1.0783,1.0848,0.02,5,1,1.07945,"('2025.04.01 17:25',)",-0.700000000000145
buy,2025.04.01 17:30,1.08015,1.0786499999999999,1.0851499999999998,0.02,5,1,1.0807,"('2025.04.01 17:55',)",1.100000000000101
sell,2025.04.01 20:05,1.08021,1.08171,1.07521,0.02,5,-1,1.0793,"('2025.04.01 20:30',)",1.819999999999933
buy,2025.04.02 06:00,1.07983,1.07833,1.08483,0.02,5,1,1.07975,"('2025.04.02 06:25',)",-0.16000000000016001
buy,2025.04.02 16:40,1.08174,1.0802399999999999,1.0867399999999998,0.02,5,1,1.0822,"('2025.04.02 17:05',)",0.920000000000254
sell,2025.04.02 22:20,1.08511,1.08661,1.0801100000000001,0.02,5,-1,1.08503,"('2025.04.02 22:45',)",0.16000000000016001
buy,2025.04.03 03:30,1.08904,1.08754,1.09404,0.02,5,1,1.08903,"('2025.04.03 03:55',)",-0.020000000000131024
buy,2025.04.03 06:10,1.09109,1.0895899999999998,1.0960899999999998,0.02,5,1,1.09153,"('2025.04.03 06:35',)",0.8799999999999919
buy,2025.04.04 00:50,1.10495,1.10345,1.10995,0.02,5,1,1.10587,"('2025.04.04 01:15',)",1.8399999999996197
sell,2025.04.04 19:00,1.10088,1.1023800000000001,1.0958800000000002,0.02,5,-1,1.09841,"('2025.04.04 19:25',)",4.939999999999944
sell,2025.04.04 19:35,1.09746,1.0989600000000002,1.0924600000000002,0.02,5,-1,1.09668,"('2025.04.04 20:00',)",1.5600000000000058
buy,2025.04.07 02:35,1.0986,1.0971,1.1036,0.02,5,1,1.09655,"('2025.04.07 03:00',)",-4.100000000000215
buy,2025.04.07 09:35,1.1008,1.0993,1.1058,0.02,5,1,1.1017,"('2025.04.07 10:00',)",1.7999999999998018
sell,2025.04.07 14:05,1.09607,1.0975700000000002,1.0910700000000002,0.02,5,-1,1.09447,"('2025.04.07 14:30',)",3.2000000000000917
buy,2025.04.08 02:35,1.09143,1.0899299999999998,1.0964299999999998,0.02,5,1,1.0923,"('2025.04.08 03:00',)",1.7400000000002969
buy,2025.04.08 04:15,1.09454,1.09304,1.09954,0.02,5,1,1.0959,"('2025.04.08 04:40',)",2.7200000000000557
sell,2025.04.08 13:40,1.09329,1.0947900000000002,1.0882900000000002,0.02,5,-1,1.09301,"('2025.04.08 14:05',)",0.560000000000116
buy,2025.04.08 14:40,1.09304,1.09154,1.09804,0.02,5,1,1.0949,"('2025.04.08 15:05',)",3.7199999999999456
buy,2025.04.08 15:30,1.09584,1.0943399999999999,1.1008399999999998,0.02,5,1,1.09479,"('2025.04.08 15:55',)",-2.0999999999999908
buy,2025.04.08 21:55,1.09517,1.09367,1.1001699999999999,0.02,5,1,1.0969,"('2025.04.08 22:20',)",3.4600000000000186
buy,2025.04.09 02:15,1.09711,1.09561,1.10211,0.02,5,1,1.09785,"('2025.04.09 02:40',)",1.4799999999999258
buy,2025.04.09 06:55,1.10191,1.1004099999999999,1.1069099999999998,0.02,5,1,1.10452,"('2025.04.09 07:20',)",5.220000000000002
buy,2025.04.09 14:00,1.10341,1.10191,1.10841,0.02,5,1,1.10461,"('2025.04.09 14:25',)",2.4000000000001798
buy,2025.04.10 01:20,1.09521,1.09371,1.10021,0.02,5,1,1.09592,"('2025.04.10 01:45',)",1.4199999999999766
buy,2025.04.10 12:15,1.10475,1.1032499999999998,1.1097499999999998,0.02,5,1,1.10424,"('2025.04.10 12:40',)",-1.0199999999995768
buy,2025.04.10 13:30,1.10652,1.10502,1.1115199999999998,0.02,5,1,1.1079,"('2025.04.10 13:55',)",2.7600000000003178
buy,2025.04.10 14:25,1.10741,1.10591,1.11241,0.02,5,1,1.10718,"('2025.04.10 14:50',)",-0.45999999999990493
buy,2025.04.10 17:45,1.11437,1.11287,1.11937,0.02,5,1,1.11561,"('2025.04.10 18:10',)",2.4799999999998157
buy,2025.04.10 18:15,1.11688,1.11538,1.12188,0.02,5,1,1.12108,"('2025.04.10 18:40',)",8.399999999999963
buy,2025.04.10 20:55,1.12094,1.11944,1.12594,0.02,5,1,1.12385,"('2025.04.10 21:20',)",5.819999999999936
sell,2025.04.10 23:55,1.11941,1.12091,1.1144100000000001,0.02,5,-1,1.11949,"('2025.04.11 00:20',)",-0.16000000000016001
buy,2025.04.11 01:00,1.12035,1.11885,1.1253499999999999,0.02,5,1,1.12078,"('2025.04.11 01:25',)",0.860000000000305
buy,2025.04.11 11:10,1.13696,1.13546,1.1419599999999999,0.02,5,1,1.14033,"('2025.04.11 11:35',)",6.74000000000019
sell,2025.04.11 20:15,1.13103,1.13253,1.12603,0.02,4,-1,1.13254,"('2025.04.11 20:35',)",-3.0200000000002447
sell,2025.04.11 21:35,1.13055,1.13205,1.12555,0.02,5,-1,1.13182,"('2025.04.11 22:00',)",-2.5400000000002088
buy,2025.04.14 03:25,1.13581,1.13431,1.1408099999999999,0.02,5,1,1.13535,"('2025.04.14 03:50',)",-0.9199999999998099
buy,2025.04.14 03:55,1.1365,1.135,1.1415,0.02,5,1,1.13862,"('2025.04.14 04:20',)",4.2399999999997995
buy,2025.04.14 19:00,1.1362,1.1347,1.1412,0.02,5,1,1.13559,"('2025.04.14 19:25',)",-1.2199999999999989
sell,2025.04.15 04:20,1.133,1.1345,1.1280000000000001,0.02,5,-1,1.13217,"('2025.04.15 04:45',)",1.6600000000002169
sell,2025.04.15 13:30,1.13412,1.13562,1.1291200000000001,0.02,5,-1,1.13439,"('2025.04.15 13:55',)",-0.5399999999999849
buy,2025.04.16 06:20,1.13306,1.13156,1.1380599999999998,0.02,5,1,1.13389,"('2025.04.16 06:45',)",1.6600000000002169
buy,2025.04.16 07:30,1.13366,1.1321599999999998,1.1386599999999998,0.02,5,1,1.13457,"('2025.04.16 07:55',)",1.8200000000003769
buy,2025.04.16 08:00,1.13479,1.13329,1.1397899999999999,0.02,5,1,1.13475,"('2025.04.16 08:25',)",-0.08000000000008001
buy,2025.04.16 09:10,1.13684,1.13534,1.14184,0.02,5,1,1.13707,"('2025.04.16 09:35',)",0.45999999999990493
buy,2025.04.16 10:00,1.13622,1.13472,1.14122,0.02,5,1,1.13895,"('2025.04.16 10:25',)",5.459999999999799
sell,2025.04.16 13:35,1.1369,1.1384,1.1319000000000001,0.02,5,-1,1.13613,"('2025.04.16 14:00',)",1.539999999999875
sell,2025.04.16 15:00,1.13594,1.13744,1.13094,0.02,5,-1,1.13539,"('2025.04.16 15:25',)",1.100000000000101
buy,2025.04.16 16:50,1.1362,1.1347,1.1412,0.02,5,1,1.13627,"('2025.04.16 17:15',)",0.1399999999995849
buy,2025.04.17 01:35,1.13964,1.13814,1.1446399999999999,0.02,5,1,1.13962,"('2025.04.17 02:00',)",-0.03999999999981796
buy,2025.04.17 10:00,1.13686,1.13536,1.1418599999999999,0.02,5,1,1.13589,"('2025.04.17 10:25',)",-1.9399999999998307
buy,2025.04.17 11:20,1.137,1.1355,1.142,0.02,5,1,1.13832,"('2025.04.17 11:45',)",2.6399999999999757
buy,2025.04.17 16:50,1.13621,1.1347099999999999,1.1412099999999998,0.02,5,1,1.13762,"('2025.04.17 17:15',)",2.8200000000002667
buy,2025.04.18 02:40,1.13705,1.1355499999999998,1.1420499999999998,0.02,5,1,1.13734,"('2025.04.18 03:05',)",0.580000000000247
sell,2025.04.18 06:35,1.13721,1.13871,1.1322100000000002,0.02,5,-1,1.13703,"('2025.04.18 07:00',)",0.360000000000138
buy,2025.04.18 18:30,1.13897,1.13747,1.14397,0.02,5,1,1.13915,"('2025.04.18 18:55',)",0.360000000000138
buy,2025.04.21 01:40,1.14288,1.1413799999999998,1.1478799999999998,0.02,5,1,1.14376,"('2025.04.21 02:05',)",1.760000000000428
buy,2025.04.21 05:05,1.14738,1.14588,1.15238,0.02,5,1,1.15145,"('2025.04.21 05:30',)",8.140000000000036
sell,2025.04.21 16:00,1.15382,1.1553200000000001,1.1488200000000002,0.02,5,-1,1.15055,"('2025.04.21 16:25',)",6.540000000000212
buy,2025.04.22 05:45,1.15114,1.14964,1.15614,0.02,5,1,1.15342,"('2025.04.22 06:10',)",4.559999999999675
sell,2025.04.22 11:50,1.14965,1.1511500000000001,1.1446500000000002,0.02,5,-1,1.14999,"('2025.04.22 12:15',)",-0.6800000000000139
sell,2025.04.22 14:10,1.14904,1.1505400000000001,1.1440400000000002,0.02,5,-1,1.14912,"('2025.04.22 14:35',)",-0.15999999999971593
sell,2025.04.22 16:55,1.14741,1.14891,1.1424100000000001,0.02,5,-1,1.14662,"('2025.04.22 17:20',)",1.580000000000137
buy,2025.04.23 14:55,1.14103,1.13953,1.1460299999999999,0.02,5,1,1.14033,"('2025.04.23 15:20',)",-1.399999999999846
sell,2025.04.23 19:15,1.13514,1.13664,1.1301400000000001,0.02,5,-1,1.13482,"('2025.04.23 19:40',)",0.640000000000196
sell,2025.04.23 23:00,1.13229,1.13379,1.1272900000000001,0.02,5,-1,1.13115,"('2025.04.23 23:25',)",2.2799999999998377
buy,2025.04.24 03:45,1.1334,1.1319,1.1383999999999999,0.02,5,1,1.13445,"('2025.04.24 04:10',)",2.0999999999999908
buy,2025.04.24 04:35,1.13528,1.13378,1.14028,0.02,5,1,1.13494,"('2025.04.24 05:00',)",-0.6800000000000139
sell,2025.04.24 16:35,1.1378,1.1393,1.1328,0.02,5,-1,1.1377,"('2025.04.24 17:00',)",0.19999999999997797
buy,2025.04.24 23:20,1.1389,1.1374,1.1439,0.02,5,1,1.13973,"('2025.04.24 23:45',)",1.6599999999997728
buy,2025.04.25 14:05,1.13552,1.13402,1.14052,0.02,5,1,1.13618,"('2025.04.25 14:30',)",1.3199999999997658
sell,2025.04.28 10:45,1.13513,1.13663,1.13013,0.02,5,-1,1.13433,"('2025.04.28 11:10',)",1.5999999999998238
sell,2025.04.28 12:05,1.13487,1.13637,1.1298700000000002,0.02,5,-1,1.13528,"('2025.04.28 12:30',)",-0.8200000000000429
buy,2025.04.28 13:05,1.13518,1.13368,1.14018,0.02,5,1,1.13566,"('2025.04.28 13:30',)",0.9599999999996278
buy,2025.04.28 17:15,1.13609,1.13459,1.14109,0.02,5,1,1.13986,"('2025.04.28 17:40',)",7.540000000000102
buy,2025.04.28 21:45,1.14083,1.13933,1.14583,0.02,5,1,1.14177,"('2025.04.28 22:10',)",1.8799999999998818
buy,2025.04.28 22:30,1.14186,1.14036,1.14686,0.02,5,1,1.14214,"('2025.04.28 22:55',)",0.5599999999996719
sell,2025.04.29 03:15,1.14135,1.1428500000000001,1.1363500000000002,0.02,5,-1,1.14042,"('2025.04.29 03:40',)",1.860000000000195
buy,2025.04.29 19:00,1.14019,1.13869,1.14519,0.02,5,1,1.14121,"('2025.04.29 19:25',)",2.040000000000042
sell,2025.04.29 22:05,1.13844,1.13994,1.13344,0.02,5,-1,1.13853,"('2025.04.29 22:30',)",-0.18000000000029104
buy,2025.04.29 23:25,1.13893,1.13743,1.14393,0.02,5,1,1.1385,"('2025.04.29 23:50',)",-0.8599999999998609
buy,2025.04.30 02:10,1.13889,1.13739,1.1438899999999999,0.02,5,1,1.13906,"('2025.04.30 02:35',)",0.34000000000000696
sell,2025.04.30 06:30,1.13748,1.13898,1.1324800000000002,0.02,5,-1,1.13681,"('2025.04.30 06:55',)",1.3399999999998968
buy,2025.04.30 08:45,1.13775,1.13625,1.14275,0.02,5,1,1.13728,"('2025.04.30 09:10',)",-0.9399999999999409
sell,2025.04.30 11:10,1.13777,1.13927,1.13277,0.02,5,-1,1.1366,"('2025.04.30 11:35',)",2.3399999999997867
sell,2025.04.30 22:05,1.1351,1.1366,1.1301,0.02,5,-1,1.13386,"('2025.04.30 22:30',)",2.4799999999998157
sell,2025.05.01 00:40,1.1327,1.1342,1.1277000000000001,0.02,5,-1,1.13277,"('2025.05.01 01:05',)",-0.140000000000029
sell,2025.05.01 16:55,1.1318,1.1333,1.1268,0.02,5,-1,1.12867,"('2025.05.01 17:20',)",6.25999999999971
sell,2025.05.01 21:15,1.12848,1.12998,1.12348,0.02,5,-1,1.1288,"('2025.05.01 21:40',)",-0.640000000000196
buy,2025.05.01 22:15,1.12881,1.12731,1.13381,0.02,5,1,1.12871,"('2025.05.01 22:40',)",-0.19999999999997797
buy,2025.05.01 22:45,1.12859,1.12709,1.1335899999999999,0.02,5,1,1.12927,"('2025.05.01 23:10',)",1.3600000000000279
buy,2025.05.02 06:15,1.12993,1.12843,1.13493,0.02,5,1,1.13105,"('2025.05.02 06:40',)",2.2400000000000198
buy,2025.05.02 17:45,1.13626,1.13476,1.14126,0.02,5,1,1.13592,"('2025.05.02 18:10',)",-0.6800000000000139
buy,2025.05.05 03:40,1.13172,1.13022,1.13672,0.02,5,1,1.13288,"('2025.05.05 04:05',)",2.3200000000000998
buy,2025.05.05 06:20,1.13328,1.13178,1.13828,0.02,5,1,1.13292,"('2025.05.05 06:45',)",-0.720000000000276
buy,2025.05.05 07:40,1.13336,1.1318599999999999,1.1383599999999998,0.02,5,1,1.13422,"('2025.05.05 08:05',)",1.720000000000166
buy,2025.05.05 13:15,1.1335,1.132,1.1384999999999998,0.02,5,1,1.13396,"('2025.05.05 13:40',)",0.920000000000254
sell,2025.05.05 20:30,1.13071,1.1322100000000002,1.1257100000000002,0.02,5,-1,1.12994,"('2025.05.05 20:55',)",1.540000000000319
buy,2025.05.06 00:55,1.13155,1.13005,1.13655,0.02,5,1,1.13191,"('2025.05.06 01:20',)",0.7199999999998319
sell,2025.05.06 02:00,1.13129,1.13279,1.12629,0.02,5,-1,1.13122,"('2025.05.06 02:25',)",0.140000000000029
buy,2025.05.06 15:05,1.13243,1.13093,1.13743,0.02,5,1,1.13376,"('2025.05.06 15:30',)",2.6600000000001067
buy,2025.05.06 17:25,1.1345,1.133,1.1395,0.02,5,1,1.13423,"('2025.05.06 17:50',)",-0.5399999999999849
buy,2025.05.06 21:10,1.13589,1.13439,1.14089,0.02,5,1,1.13652,"('2025.05.06 21:35',)",1.2599999999998168
buy,2025.05.06 22:35,1.1373,1.1358,1.1422999999999999,0.02,5,1,1.13749,"('2025.05.06 23:00',)",0.3799999999998249
buy,2025.05.07 08:35,1.13541,1.13391,1.14041,0.02,5,1,1.13638,"('2025.05.07 09:00',)",1.9399999999998307
buy,2025.05.07 09:30,1.13643,1.13493,1.14143,0.02,5,1,1.13734,"('2025.05.07 09:55',)",1.819999999999933
sell,2025.05.08 01:00,1.13054,1.1320400000000002,1.1255400000000002,0.02,5,-1,1.1306,"('2025.05.08 01:25',)",-0.11999999999989797
buy,2025.05.08 07:10,1.13264,1.13114,1.13764,0.02,5,1,1.1326,"('2025.05.08 07:35',)",-0.08000000000008001
sell,2025.05.08 11:05,1.12955,1.13105,1.1245500000000002,0.02,5,-1,1.1286,"('2025.05.08 11:30',)",1.9000000000000128
sell,2025.05.08 12:15,1.12926,1.13076,1.12426,0.02,5,-1,1.12875,"('2025.05.08 12:40',)",1.020000000000021
buy,2025.05.08 14:00,1.12921,1.12771,1.13421,0.02,5,1,1.12895,"('2025.05.08 14:25',)",-0.520000000000298
buy,2025.05.08 17:00,1.13083,1.12933,1.13583,0.02,5,1,1.12933,"('2025.05.08 17:25',)",-3.0000000000001137
sell,2025.05.08 21:15,1.12286,1.12436,1.11786,0.02,5,-1,1.12211,"('2025.05.08 21:40',)",1.5000000000000568
sell,2025.05.08 22:55,1.12257,1.1240700000000001,1.1175700000000002,0.02,5,-1,1.12279,"('2025.05.08 23:20',)",-0.4399999999997739
buy,2025.05.09 07:25,1.12257,1.12107,1.12757,0.02,5,1,1.12288,"('2025.05.09 07:50',)",0.6200000000000649
buy,2025.05.09 09:25,1.12348,1.12198,1.12848,0.02,5,1,1.1243,"('2025.05.09 09:50',)",1.6400000000000858
buy,2025.05.09 10:25,1.12437,1.12287,1.12937,0.02,5,1,1.12538,"('2025.05.09 10:50',)",2.0199999999999108
buy,2025.05.09 17:00,1.12596,1.12446,1.13096,0.02,5,1,1.12867,"('2025.05.09 17:25',)",5.41999999999998
buy,2025.05.12 15:30,1.11073,1.10923,1.1157299999999999,0.02,5,1,1.11129,"('2025.05.12 15:55',)",1.1199999999997878
buy,2025.05.12 16:00,1.11142,1.10992,1.11642,0.02,5,1,1.11229,"('2025.05.12 16:25',)",1.7399999999998528
buy,2025.05.12 17:00,1.11199,1.11049,1.11699,0.02,5,1,1.11147,"('2025.05.12 17:25',)",-1.040000000000152
buy,2025.05.13 02:55,1.10953,1.1080299999999998,1.1145299999999998,0.02,5,1,1.10998,"('2025.05.13 03:20',)",0.9000000000001229
buy,2025.05.13 03:50,1.11012,1.10862,1.11512,0.02,5,1,1.11085,"('2025.05.13 04:15',)",1.4599999999997948
buy,2025.05.13 07:55,1.11163,1.1101299999999998,1.1166299999999998,0.02,5,1,1.11129,"('2025.05.13 08:20',)",-0.6800000000000139
buy,2025.05.13 10:15,1.11116,1.1096599999999999,1.1161599999999998,0.02,5,1,1.11228,"('2025.05.13 10:40',)",2.2400000000000198
buy,2025.05.13 14:55,1.11064,1.10914,1.11564,0.02,5,1,1.111,"('2025.05.13 15:20',)",0.7199999999998319
buy,2025.05.13 22:20,1.11849,1.11699,1.1234899999999999,0.02,5,1,1.11892,"('2025.05.13 22:45',)",0.8599999999998609
sell,2025.05.14 05:55,1.11883,1.12033,1.11383,0.02,5,-1,1.11898,"('2025.05.14 06:20',)",-0.300000000000189
buy,2025.05.14 12:00,1.12381,1.12231,1.1288099999999999,0.02,5,1,1.12539,"('2025.05.14 12:25',)",3.1599999999998296
sell,2025.05.14 18:30,1.12043,1.12193,1.1154300000000001,0.02,5,-1,1.12046,"('2025.05.14 18:55',)",-0.05999999999994898
sell,2025.05.14 21:50,1.11808,1.11958,1.11308,0.02,5,-1,1.11739,"('2025.05.14 22:15',)",1.3799999999997146
buy,2025.05.15 00:45,1.11751,1.11601,1.12251,0.02,5,1,1.11797,"('2025.05.15 01:10',)",0.9199999999998099
buy,2025.05.15 04:35,1.11984,1.11834,1.1248399999999998,0.02,5,1,1.11892,"('2025.05.15 05:00',)",-1.8400000000000638
buy,2025.05.15 05:05,1.11947,1.11797,1.1244699999999999,0.02,5,1,1.11903,"('2025.05.15 05:30',)",-0.8799999999999919
buy,2025.05.15 15:50,1.11989,1.11839,1.12489,0.02,5,1,1.12144,"('2025.05.15 16:15',)",3.0999999999998806
sell,2025.05.15 19:05,1.11834,1.11984,1.11334,0.02,5,-1,1.11782,"('2025.05.15 19:30',)",1.0399999999997078
sell,2025.05.15 21:20,1.11773,1.11923,1.11273,0.02,5,-1,1.1174,"('2025.05.15 21:45',)",0.6599999999998829
buy,2025.05.16 01:50,1.119,1.1175,1.1239999999999999,0.02,5,1,1.11912,"('2025.05.16 02:15',)",0.23999999999979593
buy,2025.05.16 03:25,1.11956,1.11806,1.12456,0.02,5,1,1.12072,"('2025.05.16 03:50',)",2.3199999999996557
buy,2025.05.16 04:30,1.12026,1.11876,1.12526,0.02,5,1,1.12028,"('2025.05.16 04:55',)",0.03999999999981796
buy,2025.05.16 05:35,1.12008,1.11858,1.1250799999999999,0.02,5,1,1.12021,"('2025.05.16 06:00',)",0.25999999999992696
sell,2025.05.16 16:20,1.11982,1.12132,1.1148200000000001,0.02,5,-1,1.12001,"('2025.05.16 16:45',)",-0.3799999999998249
buy,2025.05.16 21:55,1.11521,1.11371,1.12021,0.02,5,1,1.11552,"('2025.05.16 22:20',)",0.6200000000000649
buy,2025.05.19 08:15,1.11856,1.11706,1.12356,0.02,5,1,1.11797,"('2025.05.19 08:40',)",-1.180000000000181
buy,2025.05.19 13:40,1.12728,1.12578,1.13228,0.02,5,1,1.1274,"('2025.05.19 14:05',)",0.23999999999979593
buy,2025.05.20 07:30,1.12481,1.12331,1.12981,0.02,5,1,1.12417,"('2025.05.20 07:55',)",-1.280000000000392
buy,2025.05.20 09:35,1.12577,1.1242699999999999,1.1307699999999998,0.02,5,1,1.12594,"('2025.05.20 10:00',)",0.34000000000000696
sell,2025.05.20 14:25,1.12483,1.12633,1.11983,0.02,5,-1,1.12445,"('2025.05.20 14:50',)",0.7600000000000939
buy,2025.05.20 20:15,1.12621,1.1247099999999999,1.1312099999999998,0.02,5,1,1.12717,"('2025.05.20 20:40',)",1.9200000000001438
buy,2025.05.21 00:10,1.12804,1.1265399999999999,1.1330399999999998,0.02,5,1,1.12814,"('2025.05.21 00:35',)",0.19999999999997797
buy,2025.05.21 06:25,1.13232,1.13082,1.1373199999999999,0.02,5,1,1.13349,"('2025.05.21 06:50',)",2.340000000000231
buy,2025.05.21 09:05,1.13266,1.13116,1.13766,0.02,5,1,1.13457,"('2025.05.21 09:30',)",3.820000000000157
buy,2025.05.21 12:55,1.13341,1.13191,1.13841,0.02,5,1,1.13542,"('2025.05.21 13:20',)",4.020000000000135
buy,2025.05.21 20:00,1.13452,1.13302,1.1395199999999999,0.02,5,1,1.13556,"('2025.05.21 20:25',)",2.0799999999998597
buy,2025.05.22 05:10,1.13391,1.13241,1.1389099999999999,0.02,5,1,1.13428,"('2025.05.22 05:35',)",0.7399999999999629
sell,2025.05.22 07:55,1.13326,1.13476,1.12826,0.02,5,-1,1.13309,"('2025.05.22 08:20',)",0.34000000000000696
sell,2025.05.22 19:10,1.12823,1.1297300000000001,1.1232300000000002,0.02,5,-1,1.12873,"('2025.05.22 19:35',)",-0.9999999999998899
buy,2025.05.22 23:25,1.1282,1.1267,1.1332,0.02,5,1,1.128,"('2025.05.22 23:50',)",-0.40000000000040004
buy,2025.05.23 11:30,1.13366,1.1321599999999998,1.1386599999999998,0.02,5,1,1.13414,"('2025.05.23 11:55',)",0.9600000000000719
buy,2025.05.23 14:15,1.13547,1.13397,1.1404699999999999,0.02,5,1,1.13336,"('2025.05.23 14:40',)",-4.2200000000001125
buy,2025.05.23 18:25,1.13339,1.1318899999999998,1.1383899999999998,0.02,5,1,1.13507,"('2025.05.23 18:50',)",3.3600000000002517
buy,2025.05.26 02:05,1.13737,1.13587,1.1423699999999999,0.02,5,1,1.13788,"('2025.05.26 02:30',)",1.020000000000021
buy,2025.05.26 04:10,1.13909,1.1375899999999999,1.1440899999999998,0.02,5,1,1.13979,"('2025.05.26 04:35',)",1.40000000000029
buy,2025.05.26 19:40,1.13804,1.1365399999999999,1.1430399999999998,0.02,5,1,1.1382,"('2025.05.26 20:05',)",0.32000000000032003
buy,2025.05.26 20:35,1.138,1.1364999999999998,1.1429999999999998,0.02,5,1,1.13805,"('2025.05.26 21:00',)",0.10000000000021103
sell,2025.05.27 11:45,1.13524,1.13674,1.1302400000000001,0.02,5,-1,1.1353,"('2025.05.27 12:10',)",-0.11999999999989797
buy,2025.05.27 15:50,1.13637,1.13487,1.14137,0.02,5,1,1.13657,"('2025.05.27 16:15',)",0.39999999999995595
sell,2025.05.28 09:00,1.13103,1.13253,1.12603,0.02,5,-1,1.13144,"('2025.05.28 09:25',)",-0.8200000000000429
buy,2025.05.28 13:05,1.13342,1.13192,1.13842,0.02,5,1,1.13335,"('2025.05.28 13:30',)",-0.140000000000029
sell,2025.05.28 18:05,1.13057,1.1320700000000001,1.1255700000000002,0.02,5,-1,1.12921,"('2025.05.28 18:30',)",2.7200000000000557
sell,2025.05.28 22:00,1.12916,1.13066,1.12416,0.02,5,-1,1.12901,"('2025.05.28 22:25',)",0.2999999999997449
sell,2025.05.29 05:00,1.12444,1.1259400000000002,1.1194400000000002,0.02,5,-1,1.12467,"('2025.05.29 05:25',)",-0.45999999999990493
buy,2025.05.29 07:05,1.12452,1.12302,1.1295199999999999,0.02,5,1,1.12519,"('2025.05.29 07:30',)",1.3399999999998968
buy,2025.05.29 12:55,1.12774,1.12624,1.1327399999999999,0.02,5,1,1.12879,"('2025.05.29 13:20',)",2.0999999999999908
buy,2025.05.29 18:00,1.13563,1.1341299999999999,1.1406299999999998,0.02,5,1,1.13618,"('2025.05.29 18:25',)",1.100000000000101
buy,2025.05.29 20:55,1.13765,1.13615,1.14265,0.02,5,1,1.13767,"('2025.05.29 21:20',)",0.03999999999981796
sell,2025.05.29 23:50,1.13683,1.13833,1.1318300000000001,0.02,5,-1,1.13706,"('2025.05.30 00:15',)",-0.45999999999990493
sell,2025.05.30 08:55,1.13506,1.13656,1.13006,0.02,5,-1,1.13423,"('2025.05.30 09:20',)",1.6599999999997728
buy,2025.05.30 19:35,1.1347,1.1332,1.1397,0.02,5,1,1.1351,"('2025.05.30 20:00',)",0.7999999999999119
buy,2025.06.02 03:45,1.1367,1.1352,1.1417,0.02,5,1,1.13712,"('2025.06.02 04:10',)",0.8399999999997299
sell,2025.06.02 14:25,1.14224,1.14374,1.13724,0.02,5,-1,1.14106,"('2025.06.02 14:50',)",2.3599999999999177
sell,2025.06.02 16:15,1.1414,1.1429,1.1364,0.02,5,-1,1.1416,"('2025.06.02 16:40',)",-0.39999999999995595
buy,2025.06.02 18:10,1.1433,1.1418,1.1482999999999999,0.02,5,1,1.14314,"('2025.06.02 18:35',)",-0.31999999999987594
sell,2025.06.03 08:00,1.14214,1.14364,1.13714,0.02,5,-1,1.14159,"('2025.06.03 08:25',)",1.0999999999996568
sell,2025.06.03 12:40,1.14135,1.1428500000000001,1.1363500000000002,0.02,5,-1,1.1406,"('2025.06.03 13:05',)",1.5000000000000568
sell,2025.06.03 17:00,1.13836,1.13986,1.1333600000000001,0.02,5,-1,1.13856,"('2025.06.03 17:25',)",-0.39999999999995595
sell,2025.06.03 19:25,1.13766,1.13916,1.13266,0.02,5,-1,1.13748,"('2025.06.03 19:50',)",0.3599999999996939
sell,2025.06.03 23:45,1.13728,1.1387800000000001,1.1322800000000002,0.02,5,-1,1.13701,"('2025.06.04 00:10',)",0.5399999999999849
buy,2025.06.04 02:25,1.13755,1.13605,1.14255,0.02,5,1,1.13823,"('2025.06.04 02:50',)",1.3600000000000279
buy,2025.06.04 15:55,1.14086,1.13936,1.1458599999999999,0.02,5,1,1.14006,"('2025.06.04 16:20',)",-1.5999999999998238
buy,2025.06.04 18:15,1.14214,1.1406399999999999,1.1471399999999998,0.02,5,1,1.14183,"('2025.06.04 18:40',)",-0.6200000000000649
buy,2025.06.04 20:25,1.14243,1.14093,1.14743,0.02,5,1,1.1427,"('2025.06.04 20:50',)",0.5399999999999849
sell,2025.06.05 00:35,1.1416,1.1431,1.1366,0.02,5,-1,1.14181,"('2025.06.05 01:00',)",-0.42000000000008697
buy,2025.06.05 03:05,1.14197,1.1404699999999999,1.1469699999999998,0.02,5,1,1.1425,"('2025.06.05 03:30',)",1.060000000000283
sell,2025.06.05 08:30,1.14114,1.14264,1.1361400000000001,0.02,5,-1,1.14057,"('2025.06.05 08:55',)",1.1399999999999189
buy,2025.06.05 14:55,1.14259,1.14109,1.1475899999999999,0.02,5,1,1.14276,"('2025.06.05 15:20',)",0.34000000000000696
sell,2025.06.05 20:00,1.14443,1.1459300000000001,1.1394300000000002,0.02,5,-1,1.14391,"('2025.06.05 20:25',)",1.040000000000152
buy,2025.06.06 01:30,1.14463,1.14313,1.14963,0.02,5,1,1.1451,"('2025.06.06 01:55',)",0.9399999999999409
sell,2025.06.06 09:55,1.1435,1.145,1.1385,0.02,5,-1,1.14273,"('2025.06.06 10:20',)",1.539999999999875
sell,2025.06.06 10:50,1.14277,1.1442700000000001,1.1377700000000002,0.02,5,-1,1.14234,"('2025.06.06 11:15',)",0.860000000000305
buy,2025.06.09 09:05,1.1419,1.1403999999999999,1.1468999999999998,0.02,5,1,1.14194,"('2025.06.09 09:30',)",0.08000000000008001
buy,2025.06.09 10:15,1.14225,1.14075,1.1472499999999999,0.02,5,1,1.14264,"('2025.06.09 10:40',)",0.780000000000225
buy,2025.06.09 11:20,1.14224,1.1407399999999999,1.1472399999999998,0.02,5,1,1.1434,"('2025.06.09 11:45',)",2.3200000000000998
buy,2025.06.09 12:00,1.14342,1.14192,1.14842,0.02,5,1,1.14344,"('2025.06.09 12:25',)",0.03999999999981796
sell,2025.06.09 17:15,1.14054,1.1420400000000002,1.1355400000000002,0.02,5,-1,1.14031,"('2025.06.09 17:40',)",0.460000000000349
buy,2025.06.09 19:15,1.14167,1.14017,1.1466699999999999,0.02,5,1,1.14207,"('2025.06.09 19:40',)",0.7999999999999119
buy,2025.06.09 20:35,1.14223,1.14073,1.14723,0.02,5,1,1.14215,"('2025.06.09 21:00',)",-0.16000000000016001
buy,2025.06.10 02:05,1.14204,1.1405399999999999,1.1470399999999998,0.02,5,1,1.14247,"('2025.06.10 02:30',)",0.860000000000305
buy,2025.06.10 02:45,1.1424,1.1409,1.1474,0.02,5,1,1.14317,"('2025.06.10 03:10',)",1.539999999999875
sell,2025.06.10 07:00,1.14026,1.14176,1.1352600000000002,0.02,5,-1,1.13924,"('2025.06.10 07:25',)",2.040000000000042
buy,2025.06.10 14:35,1.14266,1.14116,1.14766,0.02,5,1,1.14358,"('2025.06.10 15:00',)",1.8400000000000638
sell,2025.06.11 05:55,1.14149,1.14299,1.13649,0.02,5,-1,1.14125,"('2025.06.11 06:20',)",0.47999999999959186
sell,2025.06.11 06:45,1.14148,1.14298,1.1364800000000002,0.02,5,-1,1.14158,"('2025.06.11 07:10',)",-0.19999999999997797
buy,2025.06.11 12:00,1.1435,1.142,1.1484999999999999,0.02,5,1,1.144,"('2025.06.11 12:25',)",0.9999999999998899
sell,2025.06.11 15:15,1.14363,1.14513,1.13863,0.02,3,-1,1.1476,"('2025.06.11 15:30',)",-7.940000000000058
buy,2025.06.11 16:05,1.14619,1.14469,1.15119,0.02,5,1,1.146,"('2025.06.11 16:30',)",-0.380000000000269
buy,2025.06.12 13:45,1.15916,1.15766,1.1641599999999999,0.02,5,1,1.15935,"('2025.06.12 14:10',)",0.380000000000269
buy,2025.06.12 14:50,1.15891,1.15741,1.16391,0.02,5,1,1.16021,"('2025.06.12 15:15',)",2.5999999999997137
buy,2025.06.12 23:00,1.15768,1.15618,1.16268,0.02,5,1,1.1579,"('2025.06.12 23:25',)",0.4399999999997739
buy,2025.06.13 01:40,1.15875,1.15725,1.1637499999999998,0.02,5,1,1.15903,"('2025.06.13 02:05',)",0.560000000000116
buy,2025.06.13 09:40,1.15289,1.15139,1.1578899999999999,0.02,5,1,1.1552,"('2025.06.13 10:05',)",4.6200000000000685
buy,2025.06.13 10:25,1.15472,1.15322,1.1597199999999999,0.02,5,1,1.15399,"('2025.06.13 10:50',)",-1.4599999999997948
sell,2025.06.13 21:50,1.15429,1.15579,1.1492900000000001,0.02,5,-1,1.15397,"('2025.06.13 22:15',)",0.640000000000196
buy,2025.06.16 11:10,1.15794,1.15644,1.1629399999999999,0.02,5,1,1.15808,"('2025.06.16 11:35',)",0.280000000000058
buy,2025.06.16 12:00,1.15798,1.15648,1.16298,0.02,5,1,1.15783,"('2025.06.16 12:25',)",-0.300000000000189
sell,2025.06.16 20:00,1.15797,1.15947,1.15297,0.02,5,-1,1.15772,"('2025.06.16 20:25',)",0.4999999999997229
sell,2025.06.16 23:50,1.15611,1.15761,1.15111,0.02,5,-1,1.15632,"('2025.06.17 00:15',)",-0.42000000000008697
buy,2025.06.17 13:30,1.15607,1.1545699999999999,1.1610699999999998,0.02,5,1,1.15676,"('2025.06.17 13:55',)",1.3800000000001589
sell,2025.06.18 01:25,1.14832,1.14982,1.1433200000000001,0.02,5,-1,1.14748,"('2025.06.18 01:50',)",1.679999999999904
buy,2025.06.18 07:10,1.14993,1.1484299999999998,1.1549299999999998,0.02,5,1,1.15024,"('2025.06.18 07:35',)",0.6200000000000649
sell,2025.06.18 13:25,1.15069,1.15219,1.14569,0.02,5,-1,1.14951,"('2025.06.18 13:50',)",2.3599999999999177
buy,2025.06.18 18:40,1.15221,1.15071,1.1572099999999998,0.02,5,1,1.15232,"('2025.06.18 19:05',)",0.220000000000109
buy,2025.06.19 10:05,1.14642,1.14492,1.1514199999999999,0.02,5,1,1.14686,"('2025.06.19 10:30',)",0.8799999999999919
buy,2025.06.19 12:35,1.14727,1.14577,1.15227,0.02,5,1,1.14751,"('2025.06.19 13:00',)",0.48000000000003595
sell,2025.06.19 20:15,1.14616,1.1476600000000001,1.1411600000000002,0.02,5,-1,1.1471,"('2025.06.19 20:40',)",-1.8799999999998818
buy,2025.06.20 01:35,1.14941,1.14791,1.15441,0.02,5,1,1.1499,"('2025.06.20 02:00',)",0.9799999999997588
sell,2025.06.20 23:55,1.15216,1.1536600000000001,1.1471600000000002,0.02,1,-1,1.14544,"('2025.06.23 00:00',)",13.440000000000119
sell,2025.06.23 15:05,1.14706,1.14856,1.14206,0.02,5,-1,1.14577,"('2025.06.23 15:30',)",2.5800000000000267
buy,2025.06.23 21:55,1.15738,1.15588,1.16238,0.02,5,1,1.15707,"('2025.06.23 22:20',)",-0.6200000000000649
buy,2025.06.23 22:25,1.15717,1.15567,1.16217,0.02,5,1,1.15759,"('2025.06.23 22:50',)",0.8399999999997299
buy,2025.06.24 00:00,1.1576,1.1561,1.1625999999999999,0.02,5,1,1.15756,"('2025.06.24 00:25',)",-0.08000000000008001
buy,2025.06.24 02:35,1.16049,1.15899,1.16549,0.02,5,1,1.15957,"('2025.06.24 03:00',)",-1.8400000000000638
buy,2025.06.24 17:55,1.16163,1.1601299999999999,1.1666299999999998,0.02,5,1,1.16284,"('2025.06.24 18:20',)",2.420000000000311
sell,2025.06.25 01:00,1.16078,1.16228,1.15578,0.02,5,-1,1.16056,"('2025.06.25 01:25',)",0.4399999999997739
buy,2025.06.25 18:55,1.16193,1.1604299999999999,1.1669299999999998,0.02,5,1,1.16325,"('2025.06.25 19:20',)",2.6399999999999757
buy,2025.06.26 01:30,1.16583,1.1643299999999999,1.1708299999999998,0.02,5,1,1.16589,"('2025.06.26 01:55',)",0.12000000000034206
buy,2025.06.26 05:20,1.16853,1.16703,1.17353,0.02,5,1,1.16884,"('2025.06.26 05:45',)",0.6200000000000649
sell,2025.06.27 08:50,1.16879,1.17029,1.16379,0.02,5,-1,1.1696,"('2025.06.27 09:15',)",-1.6199999999999548
buy,2025.06.27 10:55,1.17141,1.16991,1.17641,0.02,5,1,1.17173,"('2025.06.27 11:20',)",0.6399999999997519
buy,2025.06.27 15:10,1.17141,1.16991,1.17641,0.02,5,1,1.17354,"('2025.06.27 15:35',)",4.2599999999999305
sell,2025.06.27 20:05,1.17203,1.17353,1.16703,0.02,5,-1,1.17105,"('2025.06.27 20:30',)",1.959999999999962
sell,2025.06.30 07:10,1.17149,1.17299,1.16649,0.02,5,-1,1.17212,"('2025.06.30 07:35',)",-1.260000000000261
sell,2025.06.30 12:25,1.17277,1.1742700000000001,1.1677700000000002,0.02,5,-1,1.17213,"('2025.06.30 12:50',)",1.280000000000392
buy,2025.06.30 18:40,1.17528,1.17378,1.18028,0.02,5,1,1.1763,"('2025.06.30 19:05',)",2.0399999999995977
buy,2025.06.30 19:35,1.17509,1.17359,1.1800899999999999,0.02,5,1,1.17646,"('2025.06.30 20:00',)",2.7400000000001863
sell,2025.07.01 09:50,1.17822,1.17972,1.1732200000000002,0.02,5,-1,1.17858,"('2025.07.01 10:15',)",-0.7199999999998319
sell,2025.07.01 10:35,1.17847,1.17997,1.17347,0.02,5,-1,1.17807,"('2025.07.01 11:00',)",0.7999999999999119
buy,2025.07.01 13:00,1.18164,1.18014,1.18664,0.02,5,1,1.1814,"('2025.07.01 13:25',)",-0.48000000000003595
buy,2025.07.02 00:30,1.17993,1.1784299999999999,1.1849299999999998,0.02,5,1,1.1803,"('2025.07.02 00:55',)",0.7399999999999629
sell,2025.07.02 07:10,1.17999,1.1814900000000002,1.1749900000000002,0.02,5,-1,1.17976,"('2025.07.02 07:35',)",0.460000000000349
sell,2025.07.02 11:10,1.1776,1.1791,1.1726,0.02,5,-1,1.17757,"('2025.07.02 11:35',)",0.05999999999994898
sell,2025.07.02 13:40,1.17748,1.1789800000000001,1.1724800000000002,0.02,5,-1,1.17687,"('2025.07.02 14:05',)",1.2199999999999989
sell,2025.07.02 15:25,1.17773,1.17923,1.17273,0.02,5,-1,1.17609,"('2025.07.02 15:50',)",3.2799999999997276
sell,2025.07.03 21:15,1.17528,1.1767800000000002,1.1702800000000002,0.02,5,-1,1.17496,"('2025.07.03 21:40',)",0.640000000000196
buy,2025.07.04 02:05,1.17587,1.17437,1.1808699999999999,0.02,5,1,1.17667,"('2025.07.04 02:30',)",1.6000000000002679
buy,2025.07.04 11:00,1.17749,1.1759899999999999,1.1824899999999998,0.02,5,1,1.17691,"('2025.07.04 11:25',)",-1.1600000000000499
buy,2025.07.04 13:10,1.17771,1.17621,1.18271,0.02,5,1,1.17756,"('2025.07.04 13:35',)",-0.300000000000189
sell,2025.07.07 07:05,1.17667,1.1781700000000002,1.1716700000000002,0.02,5,-1,1.17692,"('2025.07.07 07:30',)",-0.4999999999997229
buy,2025.07.07 17:25,1.17349,1.1719899999999999,1.1784899999999998,0.02,5,1,1.17364,"('2025.07.07 17:50',)",0.300000000000189
buy,2025.07.08 02:55,1.17361,1.17211,1.17861,0.02,5,1,1.17429,"('2025.07.08 03:20',)",1.3600000000000279
buy,2025.07.08 03:35,1.17439,1.17289,1.17939,0.02,5,1,1.1743,"('2025.07.08 04:00',)",-0.18000000000029104
buy,2025.07.08 19:55,1.17082,1.16932,1.1758199999999999,0.02,5,1,1.17144,"('2025.07.08 20:20',)",1.2400000000001299
buy,2025.07.08 21:30,1.17196,1.1704599999999998,1.1769599999999998,0.02,5,1,1.17248,"('2025.07.08 21:55',)",1.040000000000152
sell,2025.07.09 04:00,1.17236,1.1738600000000001,1.1673600000000002,0.02,5,-1,1.1721,"('2025.07.09 04:25',)",0.520000000000298
sell,2025.07.09 06:50,1.17049,1.17199,1.1654900000000001,0.02,5,-1,1.17047,"('2025.07.09 07:15',)",0.04000000000026205
buy,2025.07.09 09:30,1.17155,1.17005,1.17655,0.02,5,1,1.17253,"('2025.07.09 09:55',)",1.959999999999962
buy,2025.07.10 00:55,1.1721,1.1705999999999999,1.1770999999999998,0.02,5,1,1.17238,"('2025.07.10 01:20',)",0.560000000000116
buy,2025.07.10 02:15,1.17236,1.17086,1.17736,0.02,5,1,1.17279,"('2025.07.10 02:40',)",0.8599999999998609
sell,2025.07.10 19:05,1.16862,1.17012,1.16362,0.02,5,-1,1.16863,"('2025.07.10 19:30',)",-0.020000000000131024
buy,2025.07.10 21:00,1.16919,1.16769,1.1741899999999998,0.02,5,1,1.16917,"('2025.07.10 21:25',)",-0.03999999999981796
buy,2025.07.10 22:05,1.16924,1.16774,1.17424,0.02,5,1,1.16923,"('2025.07.10 22:30',)",-0.020000000000131024
sell,2025.07.11 20:15,1.16925,1.17075,1.16425,0.02,5,-1,1.16928,"('2025.07.11 20:40',)",-0.06000000000039307
sell,2025.07.11 21:00,1.16934,1.17084,1.1643400000000002,0.02,5,-1,1.16901,"('2025.07.11 21:25',)",0.6599999999998829
sell,2025.07.11 23:10,1.16864,1.17014,1.16364,0.02,5,-1,1.16836,"('2025.07.11 23:35',)",0.5599999999996719
sell,2025.07.14 16:55,1.16815,1.16965,1.1631500000000001,0.02,5,-1,1.16887,"('2025.07.14 17:20',)",-1.440000000000108
sell,2025.07.14 20:30,1.16627,1.16777,1.16127,0.02,5,-1,1.16621,"('2025.07.14 20:55',)",0.11999999999989797
buy,2025.07.15 03:00,1.16693,1.16543,1.17193,0.02,5,1,1.1676,"('2025.07.15 03:25',)",1.3399999999998968
buy,2025.07.15 05:45,1.16735,1.16585,1.17235,0.02,5,1,1.16733,"('2025.07.15 06:10',)",-0.04000000000026205
buy,2025.07.15 08:00,1.16778,1.16628,1.17278,0.02,5,1,1.16811,"('2025.07.15 08:25',)",0.6599999999998829
sell,2025.07.15 14:00,1.16815,1.16965,1.1631500000000001,0.02,5,-1,1.16716,"('2025.07.15 14:25',)",1.9800000000000928
sell,2025.07.15 19:00,1.16139,1.16289,1.15639,0.02,5,-1,1.16029,"('2025.07.15 19:25',)",2.1999999999997577
sell,2025.07.15 21:15,1.15983,1.16133,1.15483,0.02,5,-1,1.16014,"('2025.07.15 21:40',)",-0.6200000000000649
buy,2025.07.16 03:20,1.16027,1.1587699999999999,1.1652699999999998,0.02,5,1,1.16092,"('2025.07.16 03:45',)",1.300000000000079
buy,2025.07.16 04:00,1.16071,1.1592099999999999,1.1657099999999998,0.02,5,1,1.16121,"('2025.07.16 04:25',)",1.000000000000334
buy,2025.07.16 09:50,1.16222,1.16072,1.16722,0.02,5,1,1.16267,"('2025.07.16 10:15',)",0.9000000000001229
buy,2025.07.16 11:40,1.16237,1.1608699999999998,1.1673699999999998,0.02,5,1,1.16214,"('2025.07.16 12:05',)",-0.45999999999990493
sell,2025.07.16 12:45,1.16171,1.16321,1.1567100000000001,0.02,5,-1,1.16129,"('2025.07.16 13:10',)",0.8400000000001739
sell,2025.07.17 05:30,1.16228,1.16378,1.15728,0.02,5,-1,1.16176,"('2025.07.17 05:55',)",1.040000000000152
buy,2025.07.17 16:00,1.15875,1.15725,1.1637499999999998,0.02,5,1,1.15884,"('2025.07.17 16:25',)",0.18000000000029104
sell,2025.07.17 21:40,1.15865,1.16015,1.15365,0.02,5,-1,1.15899,"('2025.07.17 22:05',)",-0.6800000000000139
buy,2025.07.17 23:35,1.15956,1.1580599999999999,1.1645599999999998,0.02,5,1,1.15901,"('2025.07.18 00:00',)",-1.0999999999996568
buy,2025.07.18 03:55,1.16241,1.1609099999999999,1.1674099999999998,0.02,5,1,1.16233,"('2025.07.18 04:20',)",-0.15999999999971593
buy,2025.07.18 10:25,1.16238,1.16088,1.1673799999999999,0.02,5,1,1.1623,"('2025.07.18 10:50',)",-0.15999999999971593
buy,2025.07.18 13:55,1.16395,1.16245,1.16895,0.02,5,1,1.16442,"('2025.07.18 14:20',)",0.9399999999999409
buy,2025.07.18 14:55,1.16439,1.16289,1.16939,0.02,5,1,1.16538,"('2025.07.18 15:20',)",1.9800000000000928
buy,2025.07.18 15:35,1.16484,1.16334,1.16984,0.02,5,1,1.16525,"('2025.07.18 16:00',)",0.8199999999995988
buy,2025.07.18 16:10,1.16527,1.16377,1.17027,0.02,5,1,1.1653,"('2025.07.18 16:35',)",0.05999999999994898
buy,2025.07.21 09:20,1.16326,1.16176,1.1682599999999999,0.02,5,1,1.16415,"('2025.07.21 09:45',)",1.7800000000001148
sell,2025.07.21 22:10,1.16953,1.17103,1.16453,0.02,5,-1,1.16934,"('2025.07.21 22:35',)",0.3799999999998249
sell,2025.07.22 04:15,1.16876,1.17026,1.1637600000000001,0.02,5,-1,1.16832,"('2025.07.22 04:40',)",0.8799999999999919
buy,2025.07.22 05:40,1.16897,1.16747,1.17397,0.02,5,1,1.1686,"('2025.07.22 06:05',)",-0.7399999999999629
buy,2025.07.22 12:40,1.16984,1.16834,1.1748399999999999,0.02,5,1,1.17049,"('2025.07.22 13:05',)",1.300000000000079
buy,2025.07.22 18:05,1.17175,1.17025,1.17675,0.02,5,1,1.1735,"('2025.07.22 18:30',)",3.4999999999998366
buy,2025.07.22 22:05,1.17463,1.17313,1.17963,0.02,5,1,1.17474,"('2025.07.22 22:30',)",0.2199999999996649
buy,2025.07.22 23:40,1.17512,1.1736199999999999,1.1801199999999998,0.02,5,1,1.17534,"('2025.07.23 00:05',)",0.440000000000218
sell,2025.07.23 04:00,1.17406,1.1755600000000002,1.1690600000000002,0.02,5,-1,1.17387,"('2025.07.23 04:25',)",0.380000000000269
sell,2025.07.23 08:30,1.17335,1.17485,1.16835,0.02,5,-1,1.17298,"('2025.07.23 08:55',)",0.7399999999999629
sell,2025.07.23 13:45,1.17318,1.17468,1.16818,0.02,5,-1,1.17245,"('2025.07.23 14:10',)",1.4599999999997948
buy,2025.07.23 18:40,1.17243,1.17093,1.17743,0.02,5,1,1.17561,"('2025.07.23 19:05',)",6.359999999999921
buy,2025.07.23 19:50,1.17476,1.17326,1.17976,0.02,5,1,1.17626,"('2025.07.23 20:15',)",3.0000000000001137
buy,2025.07.24 05:10,1.17728,1.17578,1.18228,0.02,5,1,1.17713,"('2025.07.24 05:35',)",-0.300000000000189
buy,2025.07.25 10:25,1.17518,1.1736799999999998,1.1801799999999998,0.02,5,1,1.17505,"('2025.07.25 10:50',)",-0.25999999999992696
sell,2025.07.25 15:25,1.17224,1.17374,1.16724,0.02,5,-1,1.17169,"('2025.07.25 15:50',)",1.100000000000101
buy,2025.07.25 20:55,1.17359,1.1720899999999999,1.1785899999999998,0.02,5,1,1.17378,"('2025.07.25 21:20',)",0.380000000000269
buy,2025.07.28 03:50,1.17572,1.17422,1.18072,0.02,5,1,1.17638,"('2025.07.28 04:15',)",1.3199999999997658
sell,2025.07.28 16:05,1.16596,1.1674600000000002,1.1609600000000002,0.02,5,-1,1.16371,"('2025.07.28 16:30',)",4.5000000000001705
sell,2025.07.28 22:00,1.15921,1.1607100000000001,1.1542100000000002,0.02,5,-1,1.15899,"('2025.07.28 22:25',)",0.440000000000218
sell,2025.07.29 08:35,1.15856,1.16006,1.1535600000000001,0.02,5,-1,1.15773,"('2025.07.29 09:00',)",1.6600000000002169
buy,2025.07.29 13:10,1.15777,1.15627,1.1627699999999999,0.02,5,1,1.1581,"('2025.07.29 13:35',)",0.6599999999998829
sell,2025.07.29 17:00,1.15362,1.1551200000000001,1.1486200000000002,0.02,5,-1,1.15353,"('2025.07.29 17:25',)",0.18000000000029104
sell,2025.07.29 17:40,1.15377,1.15527,1.14877,0.02,5,-1,1.15301,"('2025.07.29 18:05',)",1.5199999999997438
buy,2025.07.29 20:05,1.15422,1.15272,1.15922,0.02,5,1,1.15494,"('2025.07.29 20:30',)",1.440000000000108
buy,2025.07.30 04:30,1.15633,1.15483,1.16133,0.02,5,1,1.15636,"('2025.07.30 04:55',)",0.05999999999994898
sell,2025.07.31 06:00,1.14276,1.14426,1.13776,0.02,5,-1,1.14133,"('2025.07.31 06:25',)",2.8600000000000847
buy,2025.07.31 10:45,1.14427,1.1427699999999998,1.1492699999999998,0.02,5,1,1.14485,"('2025.07.31 11:10',)",1.1600000000000499
buy,2025.07.31 14:50,1.14433,1.14283,1.14933,0.02,5,1,1.14371,"('2025.07.31 15:15',)",-1.2400000000001299
buy,2025.07.31 21:55,1.1426,1.1411,1.1476,0.02,5,1,1.14286,"('2025.07.31 22:20',)",0.5199999999998539
sell,2025.08.01 00:40,1.14168,1.14318,1.1366800000000001,0.02,5,-1,1.14171,"('2025.08.01 01:05',)",-0.05999999999994898
buy,2025.08.01 04:05,1.14235,1.14085,1.1473499999999999,0.02,5,1,1.14183,"('2025.08.01 04:30',)",-1.040000000000152
buy,2025.08.01 07:05,1.14176,1.14026,1.14676,0.02,5,1,1.14208,"('2025.08.01 07:30',)",0.6399999999997519
buy,2025.08.01 08:20,1.14201,1.14051,1.1470099999999999,0.02,5,1,1.14282,"('2025.08.01 08:45',)",1.6199999999999548
buy,2025.08.01 17:10,1.15568,1.15418,1.16068,0.02,5,1,1.15656,"('2025.08.01 17:35',)",1.7599999999999838
buy,2025.08.01 19:05,1.15557,1.15407,1.1605699999999999,0.02,5,1,1.15458,"('2025.08.01 19:30',)",-1.9800000000000928
buy,2025.08.01 22:25,1.15436,1.15286,1.15936,0.02,5,1,1.15789,"('2025.08.01 22:50',)",7.060000000000066
buy,2025.08.04 06:45,1.15788,1.15638,1.16288,0.02,5,1,1.15813,"('2025.08.04 07:10',)",0.500000000000167
buy,2025.08.04 08:00,1.15787,1.15637,1.1628699999999998,0.02,5,1,1.1576,"('2025.08.04 08:25',)",-0.5399999999999849
buy,2025.08.04 15:55,1.1575,1.156,1.1624999999999999,0.02,5,1,1.1584,"('2025.08.04 16:20',)",1.8000000000002458
sell,2025.08.04 18:15,1.15713,1.15863,1.15213,0.02,5,-1,1.15723,"('2025.08.04 18:40',)",-0.19999999999997797
sell,2025.08.04 19:55,1.15724,1.15874,1.1522400000000002,0.02,5,-1,1.15721,"('2025.08.04 20:20',)",0.05999999999994898
sell,2025.08.04 22:55,1.15682,1.15832,1.15182,0.02,5,-1,1.1574,"('2025.08.04 23:20',)",-1.1600000000000499
sell,2025.08.05 06:45,1.1559,1.1574,1.1509,0.02,5,-1,1.15557,"('2025.08.05 07:10',)",0.6599999999998829
sell,2025.08.05 15:45,1.15407,1.15557,1.14907,0.02,5,-1,1.15429,"('2025.08.05 16:10',)",-0.440000000000218
sell,2025.08.05 23:10,1.15715,1.15865,1.15215,0.02,5,-1,1.15738,"('2025.08.05 23:35',)",-0.460000000000349
buy,2025.08.06 02:20,1.15743,1.15593,1.1624299999999999,0.02,5,1,1.15805,"('2025.08.06 02:45',)",1.2400000000001299
sell,2025.08.06 05:35,1.15678,1.15828,1.15178,0.02,5,-1,1.15711,"('2025.08.06 06:00',)",-0.660000000000327
buy,2025.08.06 16:40,1.16223,1.16073,1.16723,0.02,5,1,1.16223,"('2025.08.06 17:05',)",0.0
buy,2025.08.06 18:40,1.1635,1.162,1.1684999999999999,0.02,5,1,1.16463,"('2025.08.06 19:05',)",2.2600000000001508
buy,2025.08.06 21:20,1.16568,1.16418,1.17068,0.02,5,1,1.16643,"('2025.08.06 21:45',)",1.5000000000000568
sell,2025.08.07 04:15,1.1653,1.1668,1.1603,0.02,5,-1,1.1657,"('2025.08.07 04:40',)",-0.7999999999999119
buy,2025.08.07 05:05,1.16615,1.16465,1.17115,0.02,5,1,1.16565,"('2025.08.07 05:30',)",-0.9999999999998899
sell,2025.08.07 15:50,1.1651,1.1666,1.1601000000000001,0.02,5,-1,1.16509,"('2025.08.07 16:15',)",0.020000000000131024
sell,2025.08.07 16:30,1.16486,1.16636,1.1598600000000001,0.02,5,-1,1.16422,"('2025.08.07 16:55',)",1.2799999999999478
sell,2025.08.08 06:15,1.16584,1.16734,1.16084,0.02,5,-1,1.16579,"('2025.08.08 06:40',)",0.09999999999976694
buy,2025.08.08 14:55,1.16432,1.16282,1.16932,0.02,5,1,1.16446,"('2025.08.08 15:20',)",0.280000000000058
buy,2025.08.11 06:35,1.16709,1.16559,1.1720899999999999,0.02,5,1,1.16708,"('2025.08.11 07:00',)",-0.020000000000131024
sell,2025.08.11 11:40,1.16565,1.1671500000000001,1.1606500000000002,0.02,5,-1,1.16529,"('2025.08.11 12:05',)",0.720000000000276
sell,2025.08.11 16:45,1.16206,1.1635600000000001,1.1570600000000002,0.02,5,-1,1.16061,"('2025.08.11 17:10',)",2.9000000000003467
buy,2025.08.12 00:25,1.16114,1.15964,1.16614,0.02,5,1,1.16126,"('2025.08.12 00:50',)",0.23999999999979593
buy,2025.08.12 04:00,1.16169,1.1601899999999998,1.1666899999999998,0.02,5,1,1.16153,"('2025.08.12 04:25',)",-0.31999999999987594
buy,2025.08.12 05:15,1.16213,1.16063,1.16713,0.02,5,1,1.16213,"('2025.08.12 05:40',)",0.0
buy,2025.08.12 05:45,1.16211,1.16061,1.1671099999999999,0.02,5,1,1.16218,"('2025.08.12 06:10',)",0.140000000000029
buy,2025.08.12 11:10,1.16172,1.16022,1.16672,0.02,5,1,1.16138,"('2025.08.12 11:35',)",-0.6800000000000139
buy,2025.08.12 16:30,1.16265,1.16115,1.1676499999999999,0.02,5,1,1.16518,"('2025.08.12 16:55',)",5.0600000000002865
buy,2025.08.12 18:15,1.16645,1.16495,1.1714499999999999,0.02,5,1,1.1694,"('2025.08.12 18:40',)",5.900000000000016
buy,2025.08.12 19:45,1.16826,1.16676,1.17326,0.02,5,1,1.16756,"('2025.08.12 20:10',)",-1.40000000000029
buy,2025.08.13 11:55,1.17135,1.1698499999999998,1.1763499999999998,0.02,5,1,1.17262,"('2025.08.13 12:20',)",2.5400000000002088
buy,2025.08.13 18:15,1.17119,1.16969,1.1761899999999998,0.02,5,1,1.17153,"('2025.08.13 18:40',)",0.6800000000000139
buy,2025.08.14 01:55,1.17075,1.16925,1.1757499999999999,0.02,5,1,1.17085,"('2025.08.14 02:20',)",0.19999999999997797
sell,2025.08.14 09:15,1.17026,1.1717600000000001,1.1652600000000002,0.02,5,-1,1.16954,"('2025.08.14 09:40',)",1.440000000000108
sell,2025.08.14 21:00,1.16355,1.1650500000000001,1.1585500000000002,0.02,5,-1,1.16408,"('2025.08.14 21:25',)",-1.0599999999998388
buy,2025.08.15 09:25,1.16663,1.16513,1.17163,0.02,5,1,1.16727,"('2025.08.15 09:50',)",1.2799999999999478
buy,2025.08.15 12:40,1.16861,1.1671099999999999,1.1736099999999998,0.02,5,1,1.16907,"('2025.08.15 13:05',)",0.920000000000254
buy,2025.08.15 13:45,1.16863,1.16713,1.17363,0.02,5,1,1.169,"('2025.08.15 14:10',)",0.7399999999999629
buy,2025.08.15 15:55,1.16934,1.16784,1.17434,0.02,5,1,1.16864,"('2025.08.15 16:20',)",-1.40000000000029
sell,2025.08.18 05:00,1.17028,1.17178,1.16528,0.02,5,-1,1.16989,"('2025.08.18 05:25',)",0.7799999999997809
buy,2025.08.18 06:55,1.17031,1.16881,1.1753099999999999,0.02,5,1,1.17041,"('2025.08.18 07:20',)",0.19999999999997797
sell,2025.08.18 18:40,1.16699,1.16849,1.16199,0.02,5,-1,1.16619,"('2025.08.18 19:05',)",1.5999999999998238
buy,2025.08.19 07:00,1.16553,1.16403,1.1705299999999998,0.02,5,1,1.16567,"('2025.08.19 07:25',)",0.280000000000058
buy,2025.08.19 11:15,1.16767,1.16617,1.1726699999999999,0.02,5,1,1.16737,"('2025.08.19 11:40',)",-0.5999999999999339
sell,2025.08.19 17:25,1.16686,1.16836,1.1618600000000001,0.02,5,-1,1.16696,"('2025.08.19 17:50',)",-0.19999999999997797
sell,2025.08.19 18:15,1.16721,1.1687100000000001,1.1622100000000002,0.02,5,-1,1.16619,"('2025.08.19 18:40',)",2.040000000000042
sell,2025.08.19 20:40,1.16563,1.16713,1.16063,0.02,5,-1,1.16517,"('2025.08.19 21:05',)",0.9199999999998099
sell,2025.08.20 05:35,1.16273,1.16423,1.1577300000000001,0.02,5,-1,1.16311,"('2025.08.20 06:00',)",-0.7600000000000939
buy,2025.08.20 19:50,1.1658,1.1643,1.1707999999999998,0.02,5,1,1.16639,"('2025.08.20 20:15',)",1.180000000000181
buy,2025.08.20 20:40,1.16605,1.16455,1.17105,0.02,5,1,1.16629,"('2025.08.20 21:05',)",0.48000000000003595
sell,2025.08.21 00:25,1.16514,1.1666400000000001,1.1601400000000002,0.02,5,-1,1.16481,"('2025.08.21 00:50',)",0.660000000000327
buy,2025.08.22 02:15,1.161,1.1595,1.166,0.02,5,1,1.16129,"('2025.08.22 02:40',)",0.5799999999998029
buy,2025.08.22 03:15,1.16121,1.15971,1.16621,0.02,5,1,1.16135,"('2025.08.22 03:40',)",0.280000000000058
buy,2025.08.22 19:00,1.17183,1.1703299999999999,1.1768299999999998,0.02,5,1,1.17187,"('2025.08.22 19:25',)",0.08000000000008001
buy,2025.08.22 19:55,1.17214,1.17064,1.1771399999999999,0.02,5,1,1.17358,"('2025.08.22 20:20',)",2.880000000000216
buy,2025.08.25 07:25,1.17042,1.16892,1.17542,0.02,5,1,1.17059,"('2025.08.25 07:50',)",0.34000000000000696
sell,2025.08.25 11:50,1.1708,1.1723000000000001,1.1658000000000002,0.02,5,-1,1.16993,"('2025.08.25 12:15',)",1.7400000000002969
sell,2025.08.26 00:10,1.16174,1.16324,1.15674,0.02,5,-1,1.1615,"('2025.08.26 00:35',)",0.48000000000003595
sell,2025.08.26 01:10,1.16206,1.1635600000000001,1.1570600000000002,0.02,5,-1,1.16192,"('2025.08.26 01:35',)",0.280000000000058
sell,2025.08.26 08:10,1.1631,1.1646,1.1581000000000001,0.02,5,-1,1.16369,"('2025.08.26 08:35',)",-1.1799999999997368
buy,2025.08.26 17:10,1.16486,1.16336,1.16986,0.02,5,1,1.1657,"('2025.08.26 17:35',)",1.679999999999904
sell,2025.08.27 09:05,1.16173,1.16323,1.15673,0.02,5,-1,1.16202,"('2025.08.27 09:30',)",-0.580000000000247
sell,2025.08.27 12:30,1.15935,1.1608500000000002,1.1543500000000002,0.02,5,-1,1.15896,"('2025.08.27 12:55',)",0.780000000000225
buy,2025.08.27 16:00,1.15884,1.15734,1.16384,0.02,5,1,1.15929,"('2025.08.27 16:25',)",0.8999999999996788
buy,2025.08.27 16:45,1.15895,1.1574499999999999,1.1639499999999998,0.02,5,1,1.1592,"('2025.08.27 17:10',)",0.500000000000167
buy,2025.08.27 23:45,1.16358,1.16208,1.16858,0.02,5,1,1.16355,"('2025.08.28 00:10',)",-0.05999999999994898
buy,2025.08.28 00:50,1.1636,1.1621,1.1685999999999999,0.02,5,1,1.16383,"('2025.08.28 01:15',)",0.45999999999990493
buy,2025.08.28 01:50,1.16417,1.1626699999999999,1.1691699999999998,0.02,5,1,1.16422,"('2025.08.28 02:15',)",0.10000000000021103
buy,2025.08.28 02:20,1.16427,1.1627699999999999,1.1692699999999998,0.02,5,1,1.16459,"('2025.08.28 02:45',)",0.640000000000196
buy,2025.08.28 03:55,1.16451,1.1630099999999999,1.1695099999999998,0.02,5,1,1.16453,"('2025.08.28 04:20',)",0.04000000000026205
sell,2025.08.28 09:15,1.16421,1.16571,1.15921,0.02,5,-1,1.16393,"('2025.08.28 09:40',)",0.560000000000116
sell,2025.08.28 11:00,1.16414,1.16564,1.15914,0.02,5,-1,1.16322,"('2025.08.28 11:25',)",1.8400000000000638
buy,2025.08.29 08:20,1.16619,1.16469,1.17119,0.02,5,1,1.16636,"('2025.08.29 08:45',)",0.34000000000000696
buy,2025.08.29 09:15,1.1664,1.1649,1.1714,0.02,5,1,1.16646,"('2025.08.29 09:40',)",0.11999999999989797
buy,2025.08.29 09:55,1.16676,1.16526,1.17176,0.02,5,1,1.16645,"('2025.08.29 10:20',)",-0.6200000000000649
buy,2025.08.29 11:20,1.16722,1.1657199999999999,1.1722199999999998,0.02,5,1,1.16839,"('2025.08.29 11:45',)",2.340000000000231
sell,2025.08.29 16:25,1.16615,1.16765,1.1611500000000001,0.02,5,-1,1.16672,"('2025.08.29 16:50',)",-1.1399999999999189
buy,2025.08.29 19:00,1.16966,1.1681599999999999,1.1746599999999998,0.02,5,1,1.17001,"('2025.08.29 19:25',)",0.700000000000145
buy,2025.09.01 03:25,1.16929,1.1677899999999999,1.1742899999999998,0.02,5,1,1.16959,"('2025.09.01 03:50',)",0.5999999999999339
buy,2025.09.01 06:55,1.17077,1.16927,1.17577,0.02,5,1,1.17059,"('2025.09.01 07:20',)",-0.360000000000138
sell,2025.09.01 16:20,1.17108,1.17258,1.16608,0.02,5,-1,1.17083,"('2025.09.01 16:45',)",0.4999999999997229
sell,2025.09.01 17:55,1.17103,1.17253,1.1660300000000001,0.02,5,-1,1.17017,"('2025.09.01 18:20',)",1.720000000000166
buy,2025.09.03 08:50,1.16285,1.1613499999999999,1.1678499999999998,0.02,5,1,1.16316,"('2025.09.03 09:15',)",0.6200000000000649
buy,2025.09.03 17:55,1.16631,1.16481,1.1713099999999999,0.02,5,1,1.16772,"('2025.09.03 18:20',)",2.8200000000002667
sell,2025.09.04 03:20,1.16597,1.16747,1.16097,0.02,5,-1,1.1656,"('2025.09.04 03:45',)",0.7399999999999629
buy,2025.09.04 09:40,1.1653,1.1638,1.1703,0.02,5,1,1.16552,"('2025.09.04 10:05',)",0.4399999999997739
buy,2025.09.04 23:10,1.16489,1.16339,1.1698899999999999,0.02,5,1,1.16501,"('2025.09.04 23:35',)",0.24000000000024002
buy,2025.09.05 01:20,1.16509,1.16359,1.1700899999999999,0.02,5,1,1.16485,"('2025.09.05 01:45',)",-0.48000000000003595
buy,2025.09.05 03:55,1.16595,1.16445,1.17095,0.02,5,1,1.16622,"('2025.09.05 04:20',)",0.5399999999999849
buy,2025.09.05 04:45,1.16657,1.16507,1.17157,0.02,5,1,1.16721,"('2025.09.05 05:10',)",1.2799999999999478
buy,2025.09.05 11:05,1.16764,1.16614,1.17264,0.02,5,1,1.16772,"('2025.09.05 11:30',)",0.16000000000016001
buy,2025.09.05 15:25,1.16987,1.16837,1.1748699999999999,0.02,5,1,1.17345,"('2025.09.05 15:50',)",7.160000000000277
buy,2025.09.05 17:55,1.17369,1.1721899999999998,1.1786899999999998,0.02,5,1,1.17446,"('2025.09.05 18:20',)",1.540000000000319
buy,2025.09.08 09:00,1.17176,1.1702599999999999,1.1767599999999998,0.02,5,1,1.17165,"('2025.09.08 09:25',)",-0.2199999999996649
sell,2025.09.09 19:40,1.17217,1.17367,1.16717,0.02,5,-1,1.17197,"('2025.09.09 20:05',)",0.39999999999995595
sell,2025.09.09 23:50,1.17086,1.17236,1.1658600000000001,0.02,5,-1,1.17096,"('2025.09.10 00:15',)",-0.19999999999997797
sell,2025.09.10 04:15,1.16959,1.17109,1.16459,0.02,5,-1,1.16977,"('2025.09.10 04:40',)",-0.360000000000138
buy,2025.09.10 07:40,1.17107,1.16957,1.17607,0.02,5,1,1.17154,"('2025.09.10 08:05',)",0.9399999999999409
buy,2025.09.10 17:25,1.17189,1.17039,1.17689,0.02,5,1,1.17224,"('2025.09.10 17:50',)",0.6999999999997009
buy,2025.09.10 18:25,1.17211,1.17061,1.1771099999999999,0.02,5,1,1.17177,"('2025.09.10 18:50',)",-0.6800000000000139
sell,2025.09.10 23:45,1.1695,1.171,1.1645,0.02,5,-1,1.16955,"('2025.09.11 00:10',)",-0.10000000000021103
sell,2025.09.11 05:10,1.16988,1.17138,1.1648800000000001,0.02,5,-1,1.16981,"('2025.09.11 05:35',)",0.140000000000029
buy,2025.09.11 11:35,1.16928,1.16778,1.17428,0.02,5,1,1.16864,"('2025.09.11 12:00',)",-1.280000000000392
sell,2025.09.11 13:20,1.16863,1.1701300000000001,1.1636300000000002,0.02,5,-1,1.16836,"('2025.09.11 13:45',)",0.5399999999999849
buy,2025.09.11 15:50,1.17043,1.16893,1.17543,0.02,5,1,1.17201,"('2025.09.11 16:15',)",3.1599999999998296
sell,2025.09.11 21:10,1.17334,1.17484,1.1683400000000002,0.02,5,-1,1.17335,"('2025.09.11 21:35',)",-0.019999999999686935
buy,2025.09.12 09:30,1.17277,1.17127,1.17777,0.02,5,1,1.17394,"('2025.09.12 09:55',)",2.3399999999997867
buy,2025.09.12 17:45,1.1718,1.1703,1.1767999999999998,0.02,5,1,1.17234,"('2025.09.12 18:10',)",1.0799999999999699
buy,2025.09.15 04:45,1.1728,1.1713,1.1778,0.02,5,1,1.17256,"('2025.09.15 05:10',)",-0.48000000000003595
buy,2025.09.15 07:50,1.1732,1.1717,1.1782,0.02,5,1,1.1731,"('2025.09.15 08:15',)",-0.19999999999997797
buy,2025.09.15 14:45,1.17582,1.17432,1.18082,0.02,5,1,1.17658,"('2025.09.15 15:10',)",1.5199999999997438
buy,2025.09.15 18:45,1.17674,1.1752399999999998,1.1817399999999998,0.02,5,1,1.17655,"('2025.09.15 19:10',)",-0.3799999999998249
buy,2025.09.16 08:50,1.17773,1.1762299999999999,1.1827299999999998,0.02,5,1,1.17861,"('2025.09.16 09:15',)",1.7599999999999838
buy,2025.09.16 10:40,1.17932,1.1778199999999999,1.1843199999999998,0.02,5,1,1.17944,"('2025.09.16 11:05',)",0.24000000000024002
buy,2025.09.16 13:15,1.1807,1.1792,1.1857,0.02,5,1,1.18074,"('2025.09.16 13:40',)",0.07999999999963592
buy,2025.09.17 03:05,1.18697,1.18547,1.19197,0.02,5,1,1.18645,"('2025.09.17 03:30',)",-1.040000000000152
sell,2025.09.17 06:20,1.18572,1.1872200000000002,1.1807200000000002,0.02,5,-1,1.18538,"('2025.09.17 06:45',)",0.6800000000000139
sell,2025.09.17 13:45,1.18414,1.18564,1.17914,0.02,5,-1,1.18402,"('2025.09.17 14:10',)",0.23999999999979593
buy,2025.09.17 16:10,1.18462,1.18312,1.18962,0.02,5,1,1.18497,"('2025.09.17 16:35',)",0.700000000000145
buy,2025.09.17 17:05,1.18519,1.18369,1.1901899999999999,0.02,5,1,1.18534,"('2025.09.17 17:30',)",0.300000000000189
buy,2025.09.17 18:05,1.18516,1.18366,1.1901599999999999,0.02,5,1,1.1847,"('2025.09.17 18:30',)",-0.9199999999998099
buy,2025.09.17 20:55,1.1852,1.1837,1.1902,0.02,2,1,1.19105,"('2025.09.17 21:05',)",11.699999999999823
buy,2025.09.18 11:25,1.18242,1.18092,1.18742,0.02,5,1,1.18301,"('2025.09.18 11:50',)",1.1799999999997368
buy,2025.09.18 13:20,1.18384,1.18234,1.18884,0.02,5,1,1.18374,"('2025.09.18 13:45',)",-0.19999999999997797
buy,2025.09.18 22:05,1.17873,1.17723,1.18373,0.02,5,1,1.17843,"('2025.09.18 22:30',)",-0.5999999999999339
sell,2025.09.18 23:40,1.17838,1.17988,1.17338,0.02,5,-1,1.17869,"('2025.09.19 00:05',)",-0.6200000000000649
buy,2025.09.19 01:55,1.17861,1.1771099999999999,1.1836099999999998,0.02,5,1,1.17874,"('2025.09.19 02:20',)",0.25999999999992696
buy,2025.09.19 06:55,1.17815,1.17665,1.18315,0.02,5,1,1.17822,"('2025.09.19 07:20',)",0.140000000000029
sell,2025.09.19 20:05,1.17509,1.17659,1.17009,0.02,5,-1,1.17491,"('2025.09.19 20:30',)",0.360000000000138
buy,2025.09.19 20:35,1.17525,1.1737499999999998,1.1802499999999998,0.02,5,1,1.17499,"('2025.09.19 21:00',)",-0.5199999999998539
sell,2025.09.19 21:50,1.17485,1.17635,1.16985,0.02,5,-1,1.1748,"('2025.09.19 22:15',)",0.09999999999976694
sell,2025.09.22 06:50,1.17335,1.17485,1.16835,0.02,5,-1,1.17304,"('2025.09.22 07:15',)",0.6199999999996209
buy,2025.09.22 11:00,1.17534,1.17384,1.18034,0.02,5,1,1.17641,"('2025.09.22 11:25',)",2.1399999999998087
buy,2025.09.22 21:45,1.17942,1.1779199999999999,1.1844199999999998,0.02,5,1,1.17961,"('2025.09.22 22:10',)",0.380000000000269
buy,2025.09.23 00:55,1.17988,1.17838,1.18488,0.02,5,1,1.1801,"('2025.09.23 01:20',)",0.4399999999997739
sell,2025.09.23 07:00,1.18045,1.18195,1.17545,0.02,5,-1,1.17996,"('2025.09.23 07:25',)",0.9800000000002029
buy,2025.09.23 13:05,1.18022,1.17872,1.18522,0.02,5,1,1.17949,"('2025.09.23 13:30',)",-1.4600000000002387
buy,2025.09.23 20:20,1.18068,1.17918,1.1856799999999998,0.02,5,1,1.18166,"('2025.09.23 20:45',)",1.959999999999962
sell,2025.09.24 20:35,1.17364,1.17514,1.1686400000000001,0.02,5,-1,1.17363,"('2025.09.24 21:00',)",0.020000000000131024
buy,2025.09.24 23:50,1.17371,1.17221,1.17871,0.02,5,1,1.17377,"('2025.09.25 00:15',)",0.11999999999989797
buy,2025.09.25 01:15,1.17405,1.17255,1.17905,0.02,5,1,1.17425,"('2025.09.25 01:40',)",0.39999999999995595
buy,2025.09.25 05:05,1.17465,1.17315,1.1796499999999999,0.02,5,1,1.1748,"('2025.09.25 05:30',)",0.300000000000189
sell,2025.09.25 09:35,1.17463,1.1761300000000001,1.1696300000000002,0.02,5,-1,1.17461,"('2025.09.25 10:00',)",0.04000000000026205
buy,2025.09.25 12:35,1.17409,1.17259,1.17909,0.02,5,1,1.17466,"('2025.09.25 13:00',)",1.1399999999999189
sell,2025.09.25 22:25,1.16598,1.16748,1.1609800000000001,0.02,5,-1,1.16611,"('2025.09.25 22:50',)",-0.25999999999992696
buy,2025.09.26 01:35,1.16667,1.16517,1.17167,0.02,5,1,1.16665,"('2025.09.26 02:00',)",-0.04000000000026205
buy,2025.09.26 04:55,1.1668,1.1653,1.1718,0.02,5,1,1.16742,"('2025.09.26 05:20',)",1.2399999999996858
buy,2025.09.26 07:05,1.16763,1.1661299999999999,1.1726299999999998,0.02,5,1,1.16791,"('2025.09.26 07:30',)",0.560000000000116
sell,2025.09.26 10:35,1.16774,1.16924,1.16274,0.02,5,-1,1.16785,"('2025.09.26 11:00',)",-0.220000000000109
buy,2025.09.26 16:30,1.16841,1.16691,1.1734099999999998,0.02,5,1,1.16836,"('2025.09.26 16:55',)",-0.09999999999976694
buy,2025.09.26 18:15,1.16922,1.1677199999999999,1.1742199999999998,0.02,5,1,1.16895,"('2025.09.26 18:40',)",-0.5399999999999849
buy,2025.09.26 19:15,1.16919,1.16769,1.1741899999999998,0.02,5,1,1.16919,"('2025.09.26 19:40',)",0.0
buy,2025.09.26 21:45,1.16993,1.1684299999999999,1.1749299999999998,0.02,5,1,1.17027,"('2025.09.26 22:10',)",0.6800000000000139
buy,2025.09.26 22:35,1.17011,1.16861,1.1751099999999999,0.02,5,1,1.17042,"('2025.09.26 23:00',)",0.6200000000000649
buy,2025.09.29 15:30,1.17235,1.17085,1.17735,0.02,5,1,1.17498,"('2025.09.29 15:55',)",5.25999999999982
buy,2025.09.30 10:00,1.17376,1.1722599999999999,1.1787599999999998,0.02,5,1,1.17457,"('2025.09.30 10:25',)",1.6199999999999548
sell,2025.09.30 22:55,1.17397,1.17547,1.16897,0.02,5,-1,1.17336,"('2025.09.30 23:20',)",1.2199999999999989
sell,2025.10.01 01:25,1.17343,1.17493,1.16843,0.02,5,-1,1.17329,"('2025.10.01 01:50',)",0.280000000000058
buy,2025.10.01 09:00,1.17529,1.17379,1.1802899999999998,0.02,5,1,1.17589,"('2025.10.01 09:25',)",1.200000000000312
buy,2025.10.01 16:20,1.17553,1.17403,1.1805299999999999,0.02,5,1,1.17571,"('2025.10.01 16:45',)",0.360000000000138
buy,2025.10.02 02:20,1.17343,1.17193,1.1784299999999999,0.02,5,1,1.17351,"('2025.10.02 02:45',)",0.16000000000016001
buy,2025.10.02 09:50,1.174,1.1724999999999999,1.1789999999999998,0.02,5,1,1.17508,"('2025.10.02 10:15',)",2.1599999999999397
buy,2025.10.02 10:30,1.17491,1.1734099999999998,1.1799099999999998,0.02,5,1,1.17498,"('2025.10.02 10:55',)",0.140000000000029
sell,2025.10.02 13:55,1.17518,1.17668,1.17018,0.02,5,-1,1.17505,"('2025.10.02 14:20',)",0.25999999999992696
sell,2025.10.03 07:45,1.17219,1.1736900000000001,1.1671900000000002,0.02,5,-1,1.17201,"('2025.10.03 08:10',)",0.360000000000138
buy,2025.10.03 09:55,1.17201,1.17051,1.17701,0.02,5,1,1.17251,"('2025.10.03 10:20',)",0.9999999999998899
buy,2025.10.03 10:50,1.17305,1.1715499999999999,1.1780499999999998,0.02,5,1,1.17356,"('2025.10.03 11:15',)",1.020000000000021
sell,2025.10.06 03:25,1.17122,1.17272,1.16622,0.02,5,-1,1.17143,"('2025.10.06 03:50',)",-0.42000000000008697
buy,2025.10.06 07:20,1.17273,1.17123,1.17773,0.02,5,1,1.1721,"('2025.10.06 07:45',)",-1.260000000000261
sell,2025.10.06 08:05,1.17229,1.1737900000000001,1.1672900000000002,0.02,5,-1,1.17151,"('2025.10.06 08:30',)",1.5600000000000058
buy,2025.10.06 15:25,1.16784,1.16634,1.1728399999999999,0.02,5,1,1.1688,"('2025.10.06 15:50',)",1.9200000000001438
buy,2025.10.06 21:00,1.17126,1.16976,1.1762599999999999,0.02,5,1,1.17144,"('2025.10.06 21:25',)",0.360000000000138
sell,2025.10.07 04:20,1.17062,1.17212,1.16562,0.02,5,-1,1.16987,"('2025.10.07 04:45',)",1.5000000000000568
sell,2025.10.08 00:25,1.16563,1.16713,1.16063,0.02,5,-1,1.1657,"('2025.10.08 00:50',)",-0.140000000000029
sell,2025.10.08 09:05,1.16169,1.16319,1.15669,0.02,5,-1,1.16106,"('2025.10.08 09:30',)",1.2599999999998168
buy,2025.10.08 16:00,1.16333,1.16183,1.1683299999999999,0.02,5,1,1.16308,"('2025.10.08 16:25',)",-0.500000000000167
buy,2025.10.08 16:30,1.16354,1.16204,1.16854,0.02,5,1,1.16319,"('2025.10.08 16:55',)",-0.700000000000145
buy,2025.10.08 23:35,1.16283,1.16133,1.16783,0.02,5,1,1.16232,"('2025.10.09 00:00',)",-1.020000000000021
buy,2025.10.09 03:15,1.16332,1.1618199999999999,1.1683199999999998,0.02,5,1,1.16395,"('2025.10.09 03:40',)",1.260000000000261
buy,2025.10.09 07:40,1.16428,1.16278,1.1692799999999999,0.02,5,1,1.16482,"('2025.10.09 08:05',)",1.0799999999999699
sell,2025.10.09 16:30,1.161,1.1625,1.1560000000000001,0.02,5,-1,1.16025,"('2025.10.09 16:55',)",1.5000000000000568
buy,2025.10.10 06:15,1.15697,1.15547,1.16197,0.02,5,1,1.15726,"('2025.10.10 06:40',)",0.5799999999998029
buy,2025.10.10 07:35,1.15699,1.15549,1.1619899999999999,0.02,5,1,1.15715,"('2025.10.10 08:00',)",0.31999999999987594
buy,2025.10.10 08:35,1.15742,1.1559199999999998,1.1624199999999998,0.02,5,1,1.15694,"('2025.10.10 09:00',)",-0.9599999999996278
sell,2025.10.10 10:15,1.15696,1.15846,1.15196,0.02,5,-1,1.15751,"('2025.10.10 10:40',)",-1.100000000000101
buy,2025.10.10 23:15,1.16094,1.15944,1.16594,0.02,5,1,1.16061,"('2025.10.10 23:40',)",-0.660000000000327
buy,2025.10.10 23:50,1.16236,1.16086,1.16736,0.02,5,1,1.16074,"('2025.10.13 00:15',)",-3.2399999999999096
sell,2025.10.13 03:20,1.16055,1.16205,1.15555,0.02,5,-1,1.16121,"('2025.10.13 03:45',)",-1.3200000000002097
buy,2025.10.13 07:10,1.16216,1.16066,1.16716,0.02,5,1,1.16225,"('2025.10.13 07:35',)",0.17999999999984695
sell,2025.10.13 14:20,1.1588,1.1603,1.1538000000000002,0.02,5,-1,1.15783,"('2025.10.13 14:45',)",1.9400000000002748
buy,2025.10.13 20:45,1.15716,1.15566,1.1621599999999999,0.02,5,1,1.15771,"('2025.10.13 21:10',)",1.100000000000101
buy,2025.10.14 06:10,1.15725,1.1557499999999998,1.1622499999999998,0.02,5,1,1.15779,"('2025.10.14 06:35',)",1.080000000000414
buy,2025.10.14 20:20,1.1606,1.1591,1.1656,0.02,5,1,1.16089,"('2025.10.14 20:45',)",0.5799999999998029
buy,2025.10.14 22:40,1.16098,1.1594799999999998,1.1659799999999998,0.02,5,1,1.16026,"('2025.10.14 23:05',)",-1.4399999999996638
buy,2025.10.15 06:25,1.16203,1.1605299999999998,1.1670299999999998,0.02,5,1,1.1622,"('2025.10.15 06:50',)",0.34000000000000696
buy,2025.10.15 09:00,1.16234,1.1608399999999999,1.1673399999999998,0.02,5,1,1.16236,"('2025.10.15 09:25',)",0.04000000000026205
buy,2025.10.15 19:10,1.16309,1.16159,1.1680899999999999,0.02,5,1,1.16363,"('2025.10.15 19:35',)",1.0799999999999699
buy,2025.10.15 21:55,1.16332,1.1618199999999999,1.1683199999999998,0.02,5,1,1.16379,"('2025.10.15 22:20',)",0.940000000000385
buy,2025.10.15 23:45,1.16439,1.16289,1.16939,0.02,5,1,1.16413,"('2025.10.16 00:10',)",-0.5199999999998539
buy,2025.10.16 13:15,1.16596,1.16446,1.17096,0.02,5,1,1.16566,"('2025.10.16 13:40',)",-0.600000000000378
sell,2025.10.16 15:35,1.16539,1.16689,1.16039,0.02,5,-1,1.16563,"('2025.10.16 16:00',)",-0.48000000000003595
buy,2025.10.16 20:35,1.16871,1.1672099999999999,1.1737099999999998,0.02,5,1,1.16886,"('2025.10.16 21:00',)",0.300000000000189
buy,2025.10.16 21:50,1.16876,1.16726,1.17376,0.02,5,1,1.16921,"('2025.10.16 22:15',)",0.9000000000001229
buy,2025.10.17 04:25,1.17027,1.1687699999999999,1.1752699999999998,0.02,5,1,1.17026,"('2025.10.17 04:50',)",-0.019999999999686935
buy,2025.10.20 07:15,1.16661,1.1651099999999999,1.1716099999999998,0.02,5,1,1.16705,"('2025.10.20 07:40',)",0.8799999999999919
buy,2025.10.20 08:05,1.1672,1.1657,1.1722,0.02,5,1,1.1674,"('2025.10.20 08:30',)",0.39999999999995595
buy,2025.10.21 02:15,1.16441,1.1629099999999999,1.1694099999999998,0.02,5,1,1.16432,"('2025.10.21 02:40',)",-0.17999999999984695
buy,2025.10.21 18:40,1.16124,1.15974,1.16624,0.02,5,1,1.16228,"('2025.10.21 19:05',)",2.0799999999998597
sell,2025.10.22 01:00,1.16003,1.16153,1.15503,0.02,5,-1,1.16004,"('2025.10.22 01:25',)",-0.020000000000131024
buy,2025.10.22 17:40,1.1602,1.1586999999999998,1.1651999999999998,0.02,5,1,1.1612,"('2025.10.22 18:05',)",2.000000000000224
buy,2025.10.23 01:00,1.16124,1.15974,1.16624,0.02,5,1,1.16125,"('2025.10.23 01:25',)",0.019999999999686935
sell,2025.10.23 04:50,1.15998,1.16148,1.1549800000000001,0.02,5,-1,1.15979,"('2025.10.23 05:15',)",0.3799999999998249
sell,2025.10.23 15:10,1.1591,1.1606,1.1541000000000001,0.02,5,-1,1.15992,"('2025.10.23 15:35',)",-1.6400000000000858
buy,2025.10.23 16:05,1.16009,1.15859,1.16509,0.02,5,1,1.16073,"('2025.10.23 16:30',)",1.2799999999999478
buy,2025.10.23 23:45,1.16176,1.1602599999999998,1.1667599999999998,0.02,5,1,1.1615,"('2025.10.24 00:10',)",-0.5199999999998539
buy,2025.10.24 03:20,1.16202,1.16052,1.16702,0.02,5,1,1.16191,"('2025.10.24 03:45',)",-0.220000000000109
sell,2025.10.24 06:35,1.16095,1.16245,1.15595,0.02,5,-1,1.16079,"('2025.10.24 07:00',)",0.31999999999987594
buy,2025.10.24 20:55,1.16274,1.16124,1.16774,0.02,5,1,1.16254,"('2025.10.24 21:20',)",-0.40000000000040004
buy,2025.10.27 12:30,1.16395,1.16245,1.16895,0.02,5,1,1.16413,"('2025.10.27 12:55',)",0.360000000000138
sell,2025.10.27 16:30,1.16378,1.16528,1.1587800000000001,0.02,5,-1,1.16407,"('2025.10.27 16:55',)",-0.5799999999998029
buy,2025.10.27 18:50,1.16392,1.16242,1.16892,0.02,5,1,1.16357,"('2025.10.27 19:15',)",-0.700000000000145
buy,2025.10.27 21:30,1.16448,1.16298,1.1694799999999999,0.02,5,1,1.16472,"('2025.10.27 21:55',)",0.48000000000003595
buy,2025.10.28 19:10,1.16621,1.16471,1.1712099999999999,0.02,5,1,1.16655,"('2025.10.28 19:35',)",0.6800000000000139
sell,2025.10.29 08:35,1.1631,1.1646,1.1581000000000001,0.02,5,-1,1.16308,"('2025.10.29 09:00',)",0.04000000000026205
buy,2025.10.29 16:50,1.16445,1.16295,1.1694499999999999,0.02,5,1,1.16479,"('2025.10.29 17:15',)",0.6800000000000139
buy,2025.10.30 03:00,1.16127,1.15977,1.16627,0.02,5,1,1.1609,"('2025.10.30 03:25',)",-0.7399999999999629
buy,2025.10.30 03:30,1.16141,1.15991,1.16641,0.02,5,1,1.16137,"('2025.10.30 03:55',)",-0.08000000000008001
sell,2025.10.30 18:50,1.15692,1.15842,1.15192,0.02,5,-1,1.15628,"('2025.10.30 19:15',)",1.2799999999999478
buy,2025.10.31 06:35,1.15724,1.15574,1.16224,0.02,5,1,1.15706,"('2025.10.31 07:00',)",-0.360000000000138
sell,2025.10.31 07:40,1.15696,1.15846,1.15196,0.02,5,-1,1.15678,"('2025.10.31 08:05',)",0.360000000000138
buy,2025.10.31 12:35,1.15693,1.15543,1.16193,0.02,5,1,1.15735,"('2025.10.31 13:00',)",0.8400000000001739
sell,2025.10.31 16:55,1.15343,1.15493,1.14843,0.02,5,-1,1.15335,"('2025.10.31 17:20',)",0.15999999999971593
sell,2025.10.31 17:25,1.15292,1.15442,1.14792,0.02,5,-1,1.15373,"('2025.10.31 17:50',)",-1.6199999999999548
sell,2025.10.31 18:00,1.15407,1.15557,1.14907,0.02,5,-1,1.15341,"('2025.10.31 18:25',)",1.3199999999997658
sell,2025.10.31 20:25,1.15249,1.15399,1.1474900000000001,0.02,5,-1,1.15264,"('2025.10.31 20:50',)",-0.300000000000189
buy,2025.10.31 22:20,1.1532,1.1517,1.1582,0.02,5,1,1.15326,"('2025.10.31 22:45',)",0.11999999999989797
buy,2025.11.03 05:45,1.1532,1.1517,1.1582,0.02,5,1,1.15366,"('2025.11.03 06:10',)",0.9199999999998099
buy,2025.11.03 09:30,1.15373,1.1522299999999999,1.1587299999999998,0.02,5,1,1.15394,"('2025.11.03 09:55',)",0.42000000000008697
sell,2025.11.03 12:45,1.1515,1.153,1.1465,0.02,5,-1,1.15192,"('2025.11.03 13:10',)",-0.8400000000001739
sell,2025.11.03 13:55,1.15156,1.15306,1.14656,0.02,5,-1,1.15194,"('2025.11.03 14:20',)",-0.7600000000000939
buy,2025.11.03 18:15,1.15284,1.15134,1.15784,0.02,5,1,1.1531,"('2025.11.03 18:40',)",0.5199999999998539
buy,2025.11.03 19:55,1.15274,1.15124,1.15774,0.02,5,1,1.15247,"('2025.11.03 20:20',)",-0.5399999999999849
sell,2025.11.04 00:15,1.15192,1.1534200000000001,1.1469200000000002,0.02,5,-1,1.15192,"('2025.11.04 00:40',)",0.0
sell,2025.11.04 20:45,1.14846,1.14996,1.1434600000000001,0.02,5,-1,1.14869,"('2025.11.04 21:10',)",-0.45999999999990493
sell,2025.11.04 22:40,1.14816,1.1496600000000001,1.1431600000000002,0.02,5,-1,1.1479,"('2025.11.04 23:05',)",0.520000000000298
sell,2025.11.04 23:15,1.1481,1.1496,1.1431,0.02,5,-1,1.14821,"('2025.11.04 23:40',)",-0.220000000000109
buy,2025.11.05 05:00,1.14915,1.1476499999999998,1.1541499999999998,0.02,5,1,1.14886,"('2025.11.05 05:25',)",-0.5799999999998029
buy,2025.11.05 07:10,1.1492,1.1477,1.1542,0.02,5,1,1.14927,"('2025.11.05 07:35',)",0.140000000000029
sell,2025.11.05 13:00,1.14841,1.14991,1.14341,0.02,5,-1,1.14878,"('2025.11.05 13:25',)",-0.7399999999999629
sell,2025.11.05 17:30,1.14833,1.1498300000000001,1.1433300000000002,0.02,5,-1,1.14789,"('2025.11.05 17:55',)",0.8799999999999919
buy,2025.11.06 11:25,1.15159,1.1500899999999998,1.1565899999999998,0.02,5,1,1.15126,"('2025.11.06 11:50',)",-0.6599999999998829
buy,2025.11.06 14:30,1.15201,1.15051,1.1570099999999999,0.02,5,1,1.15311,"('2025.11.06 14:55',)",2.200000000000202
buy,2025.11.07 10:50,1.15335,1.15185,1.15835,0.02,5,1,1.15377,"('2025.11.07 11:15',)",0.8399999999997299
buy,2025.11.07 15:50,1.15649,1.15499,1.16149,0.02,5,1,1.15709,"('2025.11.07 16:15',)",1.1999999999998678
buy,2025.11.07 18:00,1.15747,1.15597,1.16247,0.02,5,1,1.15813,"('2025.11.07 18:25',)",1.3200000000002097
sell,2025.11.07 22:45,1.15651,1.15801,1.15151,0.02,5,-1,1.15654,"('2025.11.07 23:10',)",-0.05999999999994898
sell,2025.11.07 23:30,1.15649,1.15799,1.1514900000000001,0.02,5,-1,1.15637,"('2025.11.07 23:55',)",0.24000000000024002
buy,2025.11.10 07:15,1.15598,1.15448,1.16098,0.02,5,1,1.15658,"('2025.11.10 07:40',)",1.1999999999998678
buy,2025.11.10 21:00,1.15602,1.15452,1.16102,0.02,5,1,1.15616,"('2025.11.10 21:25',)",0.280000000000058
buy,2025.11.10 22:20,1.1563,1.1548,1.1613,0.02,5,1,1.15633,"('2025.11.10 22:45',)",0.05999999999994898
sell,2025.11.11 01:15,1.15597,1.15747,1.15097,0.02,5,-1,1.15586,"('2025.11.11 01:40',)",0.2199999999996649
buy,2025.11.11 12:55,1.15732,1.1558199999999998,1.1623199999999998,0.02,5,1,1.15722,"('2025.11.11 13:20',)",-0.19999999999997797
sell,2025.11.12 01:00,1.1584,1.1599000000000002,1.1534000000000002,0.02,5,-1,1.15827,"('2025.11.12 01:25',)",0.26000000000037105
sell,2025.11.12 04:25,1.15781,1.15931,1.1528100000000001,0.02,5,-1,1.15784,"('2025.11.12 04:50',)",-0.05999999999994898
buy,2025.11.12 08:45,1.1581,1.1565999999999999,1.1630999999999998,0.02,5,1,1.15859,"('2025.11.12 09:10',)",0.9800000000002029
buy,2025.11.13 04:45,1.15867,1.15717,1.16367,0.02,5,1,1.15907,"('2025.11.13 05:10',)",0.7999999999999119
sell,2025.11.13 13:35,1.16161,1.16311,1.1566100000000001,0.02,5,-1,1.16091,"('2025.11.13 14:00',)",1.399999999999846
buy,2025.11.13 20:10,1.16482,1.16332,1.1698199999999999,0.02,5,1,1.16433,"('2025.11.13 20:35',)",-0.9799999999997588
sell,2025.11.14 02:25,1.16327,1.16477,1.1582700000000001,0.02,5,-1,1.16305,"('2025.11.14 02:50',)",0.440000000000218
buy,2025.11.14 04:10,1.16326,1.16176,1.1682599999999999,0.02,5,1,1.16339,"('2025.11.14 04:35',)",0.25999999999992696
buy,2025.11.14 06:00,1.1641,1.1625999999999999,1.1690999999999998,0.02,5,1,1.164,"('2025.11.14 06:25',)",-0.19999999999997797
buy,2025.11.14 07:10,1.16427,1.1627699999999999,1.1692699999999998,0.02,5,1,1.16444,"('2025.11.14 07:35',)",0.34000000000000696
sell,2025.11.14 11:20,1.16281,1.16431,1.15781,0.02,5,-1,1.16219,"('2025.11.14 11:45',)",1.2399999999996858
buy,2025.11.14 21:45,1.16175,1.16025,1.16675,0.02,5,1,1.16202,"('2025.11.14 22:10',)",0.5399999999999849
sell,2025.11.17 14:05,1.16015,1.16165,1.1551500000000001,0.02,5,-1,1.16023,"('2025.11.17 14:30',)",-0.16000000000016001
buy,2025.11.18 04:10,1.15904,1.15754,1.16404,0.02,5,1,1.15932,"('2025.11.18 04:35',)",0.5599999999996719
buy,2025.11.18 15:10,1.15896,1.15746,1.1639599999999999,0.02,5,1,1.15991,"('2025.11.18 15:35',)",1.9000000000000128
sell,2025.11.19 01:05,1.158,1.1595,1.153,0.02,5,-1,1.15811,"('2025.11.19 01:30',)",-0.220000000000109
buy,2025.11.19 03:05,1.15827,1.1567699999999999,1.1632699999999998,0.02,5,1,1.15815,"('2025.11.19 03:30',)",-0.23999999999979593
buy,2025.11.19 13:25,1.15795,1.15645,1.16295,0.02,5,1,1.15859,"('2025.11.19 13:50',)",1.2799999999999478
sell,2025.11.19 20:45,1.15343,1.15493,1.14843,0.02,5,-1,1.15237,"('2025.11.19 21:10',)",2.120000000000122
buy,2025.11.20 00:50,1.1537,1.1522,1.1586999999999998,0.02,5,1,1.15412,"('2025.11.20 01:15',)",0.8400000000001739
buy,2025.11.20 16:10,1.15302,1.1515199999999999,1.1580199999999998,0.02,5,1,1.15438,"('2025.11.20 16:35',)",2.7200000000000557
buy,2025.11.20 19:05,1.15335,1.15185,1.15835,0.02,5,1,1.15302,"('2025.11.20 19:30',)",-0.660000000000327
buy,2025.11.21 02:55,1.15349,1.1519899999999998,1.1584899999999998,0.02,5,1,1.15343,"('2025.11.21 03:20',)",-0.11999999999989797
buy,2025.11.21 04:00,1.1536,1.1521,1.1585999999999999,0.02,5,1,1.15375,"('2025.11.21 04:25',)",0.300000000000189
buy,2025.11.21 06:00,1.15378,1.15228,1.15878,0.02,5,1,1.15403,"('2025.11.21 06:25',)",0.4999999999997229
sell,2025.11.21 13:30,1.15178,1.15328,1.1467800000000001,0.02,5,-1,1.15061,"('2025.11.21 13:55',)",2.340000000000231
buy,2025.11.21 15:35,1.15209,1.15059,1.15709,0.02,5,1,1.15156,"('2025.11.21 16:00',)",-1.060000000000283
buy,2025.11.24 06:45,1.15193,1.1504299999999998,1.1569299999999998,0.02,5,1,1.15247,"('2025.11.24 07:10',)",1.080000000000414
buy,2025.11.24 12:25,1.15353,1.1520299999999999,1.1585299999999998,0.02,5,1,1.15392,"('2025.11.24 12:50',)",0.780000000000225
buy,2025.11.24 13:40,1.15421,1.15271,1.1592099999999999,0.02,5,1,1.15398,"('2025.11.24 14:05',)",-0.45999999999990493
buy,2025.11.24 21:20,1.1524,1.1509,1.1574,0.02,5,1,1.15259,"('2025.11.24 21:45',)",0.3799999999998249
buy,2025.11.25 10:25,1.15253,1.15103,1.15753,0.02,5,1,1.15273,"('2025.11.25 10:50',)",0.39999999999995595
buy,2025.11.25 11:30,1.15336,1.1518599999999999,1.1583599999999998,0.02,5,1,1.15339,"('2025.11.25 11:55',)",0.05999999999994898
sell,2025.11.25 23:40,1.15697,1.15847,1.1519700000000002,0.02,5,-1,1.15671,"('2025.11.26 00:05',)",0.520000000000298
sell,2025.11.26 11:15,1.15758,1.15908,1.1525800000000002,0.02,5,-1,1.1579,"('2025.11.26 11:40',)",-0.6399999999997519
buy,2025.11.26 14:35,1.15742,1.1559199999999998,1.1624199999999998,0.02,5,1,1.15772,"('2025.11.26 15:00',)",0.600000000000378
buy,2025.11.26 22:00,1.15939,1.1578899999999999,1.1643899999999998,0.02,5,1,1.15958,"('2025.11.26 22:25',)",0.380000000000269
buy,2025.11.27 01:00,1.15972,1.15822,1.16472,0.02,5,1,1.15977,"('2025.11.27 01:25',)",0.09999999999976694
buy,2025.11.27 03:40,1.1606,1.1591,1.1656,0.02,5,1,1.16125,"('2025.11.27 04:05',)",1.2999999999996348
sell,2025.11.27 13:10,1.15815,1.15965,1.1531500000000001,0.02,5,-1,1.15848,"('2025.11.27 13:35',)",-0.6599999999998829
buy,2025.11.27 18:05,1.15954,1.15804,1.16454,0.02,5,1,1.15979,"('2025.11.27 18:30',)",0.500000000000167
sell,2025.11.27 20:40,1.15933,1.16083,1.15433,0.02,5,-1,1.15935,"('2025.11.27 21:05',)",-0.04000000000026205
buy,2025.11.27 22:30,1.15958,1.15808,1.16458,0.02,5,1,1.15945,"('2025.11.27 22:55',)",-0.25999999999992696
sell,2025.11.28 09:40,1.15858,1.16008,1.15358,0.02,5,-1,1.15797,"('2025.11.28 10:05',)",1.2199999999999989
sell,2025.11.28 14:10,1.15663,1.15813,1.1516300000000002,0.02,5,-1,1.15703,"('2025.11.28 14:35',)",-0.7999999999999119
buy,2025.11.28 16:30,1.15743,1.15593,1.1624299999999999,0.02,5,1,1.15848,"('2025.11.28 16:55',)",2.0999999999999908
buy,2025.11.28 17:20,1.15818,1.15668,1.1631799999999999,0.02,5,1,1.15939,"('2025.11.28 17:45',)",2.4199999999998667
buy,2025.11.28 19:30,1.15962,1.15812,1.16462,0.02,5,1,1.16024,"('2025.11.28 19:55',)",1.2399999999996858
buy,2025.11.28 21:40,1.16034,1.1588399999999999,1.1653399999999998,0.02,5,1,1.16018,"('2025.11.28 22:05',)",-0.31999999999987594
buy,2025.12.01 12:20,1.16231,1.16081,1.1673099999999998,0.02,5,1,1.16218,"('2025.12.01 12:45',)",-0.25999999999992696
buy,2025.12.01 13:55,1.16276,1.16126,1.16776,0.02,5,1,1.16339,"('2025.12.01 14:20',)",1.2599999999998168
sell,2025.12.01 20:05,1.16222,1.16372,1.1572200000000001,0.02,5,-1,1.16144,"('2025.12.01 20:30',)",1.5600000000000058
sell,2025.12.02 01:40,1.1608,1.1623,1.1558000000000002,0.02,5,-1,1.16081,"('2025.12.02 02:05',)",-0.019999999999686935
sell,2025.12.02 03:05,1.1607,1.1622000000000001,1.1557000000000002,0.02,5,-1,1.16084,"('2025.12.02 03:30',)",-0.280000000000058
sell,2025.12.02 08:00,1.16092,1.16242,1.15592,0.02,5,-1,1.16057,"('2025.12.02 08:25',)",0.6999999999997009
buy,2025.12.02 09:50,1.16129,1.1597899999999999,1.1662899999999998,0.02,5,1,1.16114,"('2025.12.02 10:15',)",-0.2999999999997449
buy,2025.12.02 21:35,1.16144,1.15994,1.16644,0.02,5,1,1.16232,"('2025.12.02 22:00',)",1.7599999999999838
buy,2025.12.02 22:30,1.16216,1.16066,1.16716,0.02,5,1,1.16248,"('2025.12.02 22:55',)",0.6399999999997519
buy,2025.12.03 00:30,1.16224,1.1607399999999999,1.1672399999999998,0.02,5,1,1.16231,"('2025.12.03 00:55',)",0.140000000000029
buy,2025.12.03 15:00,1.16648,1.16498,1.1714799999999999,0.02,5,1,1.16699,"('2025.12.03 15:25',)",1.020000000000021
buy,2025.12.03 21:00,1.16741,1.16591,1.17241,0.02,5,1,1.16751,"('2025.12.03 21:25',)",0.19999999999997797
sell,2025.12.04 03:55,1.16632,1.16782,1.1613200000000001,0.02,5,-1,1.16605,"('2025.12.04 04:20',)",0.5399999999999849
sell,2025.12.04 07:05,1.1658,1.1673,1.1608,0.02,5,-1,1.16589,"('2025.12.04 07:30',)",-0.18000000000029104
sell,2025.12.04 09:05,1.16586,1.16736,1.16086,0.02,5,-1,1.16579,"('2025.12.04 09:30',)",0.1399999999995849
buy,2025.12.04 11:15,1.16765,1.16615,1.17265,0.02,5,1,1.16758,"('2025.12.04 11:40',)",-0.140000000000029
sell,2025.12.04 16:55,1.16698,1.16848,1.16198,0.02,5,-1,1.16691,"('2025.12.04 17:20',)",0.140000000000029
buy,2025.12.05 04:25,1.16521,1.16371,1.17021,0.02,5,1,1.16528,"('2025.12.05 04:50',)",0.140000000000029
buy,2025.12.05 06:25,1.16526,1.16376,1.1702599999999999,0.02,5,1,1.16538,"('2025.12.05 06:50',)",0.24000000000024002
sell,2025.12.05 14:15,1.1649,1.1664,1.1599000000000002,0.02,5,-1,1.16468,"('2025.12.05 14:40',)",0.440000000000218
sell,2025.12.05 15:00,1.16483,1.16633,1.1598300000000001,0.02,5,-1,1.16487,"('2025.12.05 15:25',)",-0.08000000000008001
buy,2025.12.05 17:05,1.16482,1.16332,1.1698199999999999,0.02,5,1,1.16581,"('2025.12.05 17:30',)",1.9800000000000928
buy,2025.12.08 03:45,1.16499,1.16349,1.1699899999999999,0.02,5,1,1.16528,"('2025.12.08 04:10',)",0.580000000000247
buy,2025.12.08 04:35,1.16504,1.16354,1.17004,0.02,5,1,1.16539,"('2025.12.08 05:00',)",0.6999999999997009
buy,2025.12.08 06:00,1.16523,1.16373,1.1702299999999999,0.02,5,1,1.16531,"('2025.12.08 06:25',)",0.16000000000016001
sell,2025.12.08 14:00,1.1651,1.1666,1.1601000000000001,0.02,5,-1,1.16489,"('2025.12.08 14:25',)",0.42000000000008697
buy,2025.12.08 15:05,1.16549,1.1639899999999999,1.1704899999999998,0.02,5,1,1.16479,"('2025.12.08 15:30',)",-1.399999999999846
buy,2025.12.08 21:30,1.16383,1.1623299999999999,1.1688299999999998,0.02,5,1,1.16397,"('2025.12.08 21:55',)",0.280000000000058
buy,2025.12.09 03:05,1.16394,1.16244,1.1689399999999999,0.02,5,1,1.16425,"('2025.12.09 03:30',)",0.6200000000000649
buy,2025.12.09 03:40,1.16423,1.16273,1.16923,0.02,5,1,1.16479,"('2025.12.09 04:05',)",1.1199999999997878
sell,2025.12.09 13:55,1.16438,1.16588,1.15938,0.02,5,-1,1.16369,"('2025.12.09 14:20',)",1.3800000000001589
sell,2025.12.09 17:30,1.16323,1.16473,1.15823,0.02,5,-1,1.1629,"('2025.12.09 17:55',)",0.6599999999998829
sell,2025.12.09 21:35,1.16286,1.16436,1.1578600000000001,0.02,5,-1,1.16296,"('2025.12.09 22:00',)",-0.19999999999997797
buy,2025.12.10 08:00,1.16295,1.1614499999999999,1.1679499999999998,0.02,5,1,1.16314,"('2025.12.10 08:25',)",0.380000000000269
buy,2025.12.10 08:40,1.16312,1.1616199999999999,1.1681199999999998,0.02,5,1,1.16376,"('2025.12.10 09:05',)",1.2799999999999478
buy,2025.12.10 10:15,1.16478,1.1632799999999999,1.1697799999999998,0.02,5,1,1.16557,"('2025.12.10 10:40',)",1.580000000000137
buy,2025.12.10 18:45,1.16469,1.16319,1.16969,0.02,5,1,1.16508,"('2025.12.10 19:10',)",0.7799999999997809
buy,2025.12.10 20:20,1.16567,1.16417,1.1706699999999999,0.02,5,1,1.16578,"('2025.12.10 20:45',)",0.220000000000109
buy,2025.12.10 21:00,1.16684,1.16534,1.17184,0.02,5,1,1.16639,"('2025.12.10 21:25',)",-0.9000000000001229
buy,2025.12.11 10:20,1.16988,1.16838,1.17488,0.02,5,1,1.17042,"('2025.12.11 10:45',)",1.0799999999999699
buy,2025.12.11 12:05,1.17012,1.16862,1.17512,0.02,5,1,1.17036,"('2025.12.11 12:30',)",0.48000000000003595
buy,2025.12.11 12:45,1.17028,1.16878,1.1752799999999999,0.02,5,1,1.17138,"('2025.12.11 13:10',)",2.200000000000202
buy,2025.12.11 15:35,1.17252,1.17102,1.17752,0.02,5,1,1.17358,"('2025.12.11 16:00',)",2.120000000000122
buy,2025.12.11 17:00,1.17354,1.17204,1.17854,0.02,5,1,1.17491,"('2025.12.11 17:25',)",2.7399999999997426
buy,2025.12.12 03:05,1.17398,1.17248,1.17898,0.02,5,1,1.1741,"('2025.12.12 03:30',)",0.23999999999979593
buy,2025.12.12 09:25,1.17395,1.17245,1.17895,0.02,5,1,1.17407,"('2025.12.12 09:50',)",0.23999999999979593
buy,2025.12.12 17:55,1.1738,1.1723,1.1787999999999998,0.02,5,1,1.17384,"('2025.12.12 18:20',)",0.08000000000008001
sell,2025.12.15 09:00,1.17328,1.1747800000000002,1.1682800000000002,0.02,5,-1,1.1734,"('2025.12.15 09:25',)",-0.23999999999979593
buy,2025.12.15 11:00,1.17356,1.1720599999999999,1.1785599999999998,0.02,5,1,1.17423,"('2025.12.15 11:25',)",1.3400000000003411
buy,2025.12.15 12:15,1.17426,1.17276,1.17926,0.02,5,1,1.17423,"('2025.12.15 12:40',)",-0.05999999999994898
buy,2025.12.15 12:55,1.17426,1.17276,1.17926,0.02,5,1,1.17481,"('2025.12.15 13:20',)",1.0999999999996568
buy,2025.12.15 13:50,1.17493,1.17343,1.17993,0.02,5,1,1.17534,"('2025.12.15 14:15',)",0.8200000000000429
sell,2025.12.16 03:40,1.17527,1.17677,1.1702700000000001,0.02,5,-1,1.17537,"('2025.12.16 04:05',)",-0.19999999999997797
buy,2025.12.16 09:55,1.17522,1.1737199999999999,1.1802199999999998,0.02,5,1,1.17616,"('2025.12.16 10:20',)",1.8800000000003259
buy,2025.12.17 03:10,1.17498,1.1734799999999999,1.1799799999999998,0.02,5,1,1.17456,"('2025.12.17 03:35',)",-0.8399999999997299
buy,2025.12.17 16:30,1.1734,1.1719,1.1784,0.02,5,1,1.17409,"('2025.12.17 16:55',)",1.3800000000001589
buy,2025.12.17 17:00,1.17413,1.1726299999999998,1.1791299999999998,0.02,5,1,1.17472,"('2025.12.17 17:25',)",1.180000000000181
buy,2025.12.17 19:50,1.17464,1.1731399999999998,1.1796399999999998,0.02,5,1,1.1748,"('2025.12.17 20:15',)",0.32000000000032003
sell,2025.12.18 03:30,1.17406,1.1755600000000002,1.1690600000000002,0.02,5,-1,1.17384,"('2025.12.18 03:55',)",0.440000000000218
sell,2025.12.18 04:30,1.17408,1.17558,1.1690800000000001,0.02,5,-1,1.17406,"('2025.12.18 04:55',)",0.03999999999981796
sell,2025.12.18 13:05,1.17237,1.17387,1.16737,0.02,5,-1,1.17262,"('2025.12.18 13:30',)",-0.500000000000167
sell,2025.12.18 13:35,1.17227,1.17377,1.16727,0.02,5,-1,1.17195,"('2025.12.18 14:00',)",0.6399999999997519
sell,2025.12.18 23:55,1.17216,1.1736600000000001,1.1671600000000002,0.02,5,-1,1.17242,"('2025.12.19 00:20',)",-0.5199999999998539
sell,2025.12.19 09:00,1.17179,1.1732900000000002,1.1667900000000002,0.02,5,-1,1.17124,"('2025.12.19 09:25',)",1.100000000000101
sell,2025.12.19 14:45,1.17131,1.1728100000000001,1.1663100000000002,0.02,5,-1,1.17085,"('2025.12.19 15:10',)",0.920000000000254
buy,2025.12.19 15:45,1.17158,1.17008,1.17658,0.02,5,1,1.17337,"('2025.12.19 16:10',)",3.5799999999999166
buy,2025.12.22 06:20,1.17179,1.17029,1.17679,0.02,5,1,1.17205,"('2025.12.22 06:45',)",0.5199999999998539
buy,2025.12.22 12:55,1.17329,1.1717899999999999,1.1782899999999998,0.02,5,1,1.17345,"('2025.12.22 13:20',)",0.32000000000032003
buy,2025.12.22 13:55,1.17333,1.17183,1.1783299999999999,0.02,5,1,1.17351,"('2025.12.22 14:20',)",0.360000000000138
buy,2025.12.22 23:00,1.1756,1.1741,1.1805999999999999,0.02,5,1,1.17589,"('2025.12.22 23:25',)",0.580000000000247
buy,2025.12.23 03:05,1.17684,1.17534,1.18184,0.02,5,1,1.17684,"('2025.12.23 03:30',)",0.0
buy,2025.12.23 04:25,1.17744,1.17594,1.18244,0.02,5,1,1.17795,"('2025.12.23 04:50',)",1.020000000000021
buy,2025.12.23 05:25,1.17747,1.17597,1.18247,0.02,5,1,1.17764,"('2025.12.23 05:50',)",0.34000000000000696
buy,2025.12.23 09:45,1.17775,1.17625,1.18275,0.02,5,1,1.17828,"('2025.12.23 10:10',)",1.0599999999998388
buy,2025.12.23 12:20,1.17964,1.17814,1.18464,0.02,5,1,1.17985,"('2025.12.23 12:45',)",0.42000000000008697
buy,2025.12.23 23:00,1.17908,1.1775799999999998,1.1840799999999998,0.02,5,1,1.17902,"('2025.12.23 23:25',)",-0.11999999999989797
buy,2025.12.24 01:55,1.17945,1.17795,1.18445,0.02,5,1,1.17923,"('2025.12.24 02:20',)",-0.440000000000218
sell,2025.12.24 15:15,1.17879,1.18029,1.1737900000000001,0.02,5,-1,1.17878,"('2025.12.24 15:40',)",0.020000000000131024
buy,2025.12.26 01:00,1.17795,1.17645,1.18295,0.02,5,1,1.17803,"('2025.12.26 01:25',)",0.15999999999971593
buy,2025.12.26 04:25,1.17854,1.1770399999999999,1.1835399999999998,0.02,5,1,1.17918,"('2025.12.26 04:50',)",1.2799999999999478
sell,2025.12.26 08:00,1.1785,1.1800000000000002,1.1735000000000002,0.02,5,-1,1.17822,"('2025.12.26 08:25',)",0.560000000000116
sell,2025.12.26 10:30,1.17739,1.17889,1.17239,0.02,5,-1,1.17769,"('2025.12.26 10:55',)",-0.5999999999999339
sell,2025.12.26 11:05,1.17737,1.17887,1.1723700000000001,0.02,5,-1,1.17701,"('2025.12.26 11:30',)",0.720000000000276
buy,2025.12.29 02:20,1.1775,1.176,1.1824999999999999,0.02,5,1,1.17802,"('2025.12.29 02:45',)",1.040000000000152
buy,2025.12.29 09:10,1.17681,1.1753099999999999,1.1818099999999998,0.02,5,1,1.17737,"('2025.12.29 09:35',)",1.120000000000232
sell,2025.12.29 14:30,1.17608,1.17758,1.1710800000000001,0.02,5,-1,1.17618,"('2025.12.29 14:55',)",-0.19999999999997797
sell,2025.12.30 10:40,1.17711,1.1786100000000002,1.1721100000000002,0.02,5,-1,1.17722,"('2025.12.30 11:05',)",-0.2199999999996649
buy,2025.12.30 13:05,1.17751,1.17601,1.18251,0.02,5,1,1.17727,"('2025.12.30 13:30',)",-0.48000000000003595
sell,2025.12.30 17:05,1.17613,1.17763,1.17113,0.02,5,-1,1.17508,"('2025.12.30 17:30',)",2.0999999999999908
sell,2025.12.31 05:10,1.17415,1.17565,1.1691500000000001,0.02,5,-1,1.17424,"('2025.12.31 05:35',)",-0.17999999999984695
buy,2025.12.31 13:50,1.1744,1.1729,1.1794,0.02,5,1,1.17517,"('2025.12.31 14:15',)",1.539999999999875
sell,2025.12.31 20:40,1.17359,1.17509,1.16859,0.02,5,-1,1.17392,"('2025.12.31 21:05',)",-0.660000000000327
buy,2025.12.31 21:35,1.17397,1.17247,1.1789699999999999,0.02,5,1,1.17425,"('2025.12.31 22:00',)",0.560000000000116
buy,2026.01.02 01:30,1.17485,1.17335,1.1798499999999998,0.02,5,1,1.17507,"('2026.01.02 01:55',)",0.440000000000218
sell,2026.01.02 11:20,1.17319,1.17469,1.16819,0.02,5,-1,1.17276,"('2026.01.02 11:45',)",0.8599999999998609
buy,2026.01.02 14:35,1.17251,1.1710099999999999,1.1775099999999998,0.02,5,1,1.17256,"('2026.01.02 15:00',)",0.10000000000021103
buy,2026.01.02 15:10,1.17246,1.17096,1.17746,0.02,5,1,1.172,"('2026.01.02 15:35',)",-0.920000000000254
sell,2026.01.02 23:10,1.1721,1.1736,1.1671,0.02,5,-1,1.17221,"('2026.01.02 23:35',)",-0.220000000000109
buy,2026.01.05 08:10,1.16842,1.16692,1.17342,0.02,5,1,1.16892,"('2026.01.05 08:35',)",0.9999999999998899
sell,2026.01.05 14:35,1.1683,1.1698,1.1633,0.02,5,-1,1.16663,"('2026.01.05 15:00',)",3.3399999999996766
buy,2026.01.06 05:10,1.17328,1.17178,1.17828,0.02,5,1,1.17371,"('2026.01.06 05:35',)",0.8599999999998609
sell,2026.01.06 12:40,1.17123,1.17273,1.16623,0.02,5,-1,1.1708,"('2026.01.06 13:05',)",0.8599999999998609
sell,2026.01.06 14:15,1.17102,1.17252,1.16602,0.02,5,-1,1.17023,"('2026.01.06 14:40',)",1.5799999999996928
buy,2026.01.06 15:50,1.17106,1.16956,1.1760599999999999,0.02,5,1,1.17081,"('2026.01.06 16:15',)",-0.500000000000167
buy,2026.01.07 02:30,1.16909,1.16759,1.1740899999999999,0.02,5,1,1.16916,"('2026.01.07 02:55',)",0.140000000000029
sell,2026.01.07 15:00,1.16876,1.17026,1.1637600000000001,0.02,5,-1,1.16871,"('2026.01.07 15:25',)",0.10000000000021103
buy,2026.01.07 16:25,1.16893,1.16743,1.17393,0.02,5,1,1.16963,"('2026.01.07 16:50',)",1.399999999999846
sell,2026.01.07 20:35,1.16886,1.17036,1.1638600000000001,0.02,5,-1,1.1685,"('2026.01.07 21:00',)",0.7199999999998319
sell,2026.01.07 22:05,1.16817,1.16967,1.16317,0.02,5,-1,1.16817,"('2026.01.07 22:30',)",0.0
buy,2026.01.08 07:50,1.16811,1.16661,1.1731099999999999,0.02,5,1,1.16793,"('2026.01.08 08:15',)",-0.360000000000138
buy,2026.01.08 08:45,1.16812,1.16662,1.17312,0.02,5,1,1.16781,"('2026.01.08 09:10',)",-0.6200000000000649
sell,2026.01.09 10:00,1.1647,1.1662000000000001,1.1597000000000002,0.02,5,-1,1.16455,"('2026.01.09 10:25',)",0.300000000000189
sell,2026.01.09 13:00,1.16435,1.16585,1.15935,0.02,5,-1,1.16448,"('2026.01.09 13:25',)",-0.25999999999992696
buy,2026.01.09 21:00,1.16353,1.16203,1.1685299999999998,0.02,5,1,1.16376,"('2026.01.09 21:25',)",0.45999999999990493
buy,2026.01.12 08:15,1.1665,1.165,1.1715,0.02,5,1,1.16669,"('2026.01.12 08:40',)",0.3799999999998249
buy,2026.01.12 10:25,1.16782,1.16632,1.17282,0.02,5,1,1.16881,"('2026.01.12 10:50',)",1.9799999999996487
sell,2026.01.13 14:20,1.16672,1.16822,1.16172,0.02,5,-1,1.16567,"('2026.01.13 14:45',)",2.0999999999999908
buy,2026.01.13 20:30,1.16477,1.16327,1.16977,0.02,5,1,1.16531,"('2026.01.13 20:55',)",1.0799999999999699
sell,2026.01.13 23:35,1.16452,1.16602,1.15952,0.02,5,-1,1.1643,"('2026.01.14 00:00',)",0.440000000000218
buy,2026.01.14 12:45,1.1657,1.1642,1.1706999999999999,0.02,5,1,1.16503,"('2026.01.14 13:10',)",-1.3399999999998968
buy,2026.01.15 00:55,1.16438,1.16288,1.1693799999999999,0.02,5,1,1.1646,"('2026.01.15 01:20',)",0.440000000000218
buy,2026.01.15 11:30,1.16334,1.16184,1.16834,0.02,5,1,1.16356,"('2026.01.15 11:55',)",0.4399999999997739
sell,2026.01.15 23:55,1.16077,1.1622700000000001,1.1557700000000002,0.02,5,-1,1.16071,"('2026.01.16 00:20',)",0.12000000000034206
buy,2026.01.16 04:15,1.16085,1.1593499999999999,1.1658499999999998,0.02,5,1,1.16139,"('2026.01.16 04:40',)",1.0799999999999699
sell,2026.01.16 12:00,1.16106,1.16256,1.15606,0.02,5,-1,1.16141,"('2026.01.16 12:25',)",-0.700000000000145
buy,2026.01.16 13:00,1.1615,1.16,1.1664999999999999,0.02,5,1,1.16195,"('2026.01.16 13:25',)",0.9000000000001229
buy,2026.01.19 16:40,1.16364,1.16214,1.16864,0.02,5,1,1.16408,"('2026.01.19 17:05',)",0.8799999999999919
sell,2026.01.20 03:10,1.16419,1.1656900000000001,1.1591900000000002,0.02,5,-1,1.16404,"('2026.01.20 03:35',)",0.300000000000189
buy,2026.01.20 08:45,1.16641,1.16491,1.1714099999999998,0.02,5,1,1.16671,"('2026.01.20 09:10',)",0.5999999999999339
buy,2026.01.20 14:05,1.17347,1.17197,1.17847,0.02,5,1,1.1738,"('2026.01.20 14:30',)",0.6599999999998829
buy,2026.01.20 15:30,1.17454,1.1730399999999999,1.1795399999999998,0.02,5,1,1.17332,"('2026.01.20 15:55',)",-2.4399999999999977
buy,2026.01.20 19:30,1.17327,1.17177,1.17827,0.02,5,1,1.17314,"('2026.01.20 19:55',)",-0.25999999999992696
buy,2026.01.21 00:20,1.17236,1.17086,1.17736,0.02,5,1,1.17248,"('2026.01.21 00:45',)",0.23999999999979593
buy,2026.01.21 01:30,1.17239,1.17089,1.17739,0.02,5,1,1.1727,"('2026.01.21 01:55',)",0.6200000000000649
buy,2026.01.21 08:25,1.172,1.1704999999999999,1.1769999999999998,0.02,5,1,1.17241,"('2026.01.21 08:50',)",0.8200000000000429
sell,2026.01.21 19:20,1.17085,1.17235,1.16585,0.02,5,-1,1.16984,"('2026.01.21 19:45',)",2.0199999999999108
sell,2026.01.21 22:55,1.16868,1.17018,1.16368,0.02,5,-1,1.16855,"('2026.01.21 23:20',)",0.25999999999992696
buy,2026.01.22 15:50,1.17132,1.1698199999999999,1.1763199999999998,0.02,5,1,1.17146,"('2026.01.22 16:15',)",0.280000000000058
buy,2026.01.22 17:00,1.17216,1.17066,1.17716,0.02,5,1,1.17283,"('2026.01.22 17:25',)",1.3399999999998968
sell,2026.01.23 05:50,1.1744,1.1759000000000002,1.1694000000000002,0.02,5,-1,1.17452,"('2026.01.23 06:15',)",-0.23999999999979593
buy,2026.01.23 18:15,1.17542,1.1739199999999999,1.1804199999999998,0.02,5,1,1.17675,"('2026.01.23 18:40',)",2.6600000000001067
buy,2026.01.23 20:15,1.17853,1.17703,1.18353,0.02,5,1,1.17886,"('2026.01.23 20:40',)",0.6599999999998829
buy,2026.01.23 23:50,1.18292,1.18142,1.1879199999999999,0.02,5,1,1.18559,"('2026.01.26 00:15',)",5.3399999999999
buy,2026.01.26 04:00,1.18599,1.18449,1.19099,0.02,5,1,1.18719,"('2026.01.26 04:25',)",2.3999999999997357
buy,2026.01.27 12:10,1.18762,1.1861199999999998,1.1926199999999998,0.02,5,1,1.18789,"('2026.01.27 12:35',)",0.5399999999999849
buy,2026.01.27 13:25,1.18889,1.18739,1.19389,0.02,5,1,1.18929,"('2026.01.27 13:50',)",0.7999999999999119
buy,2026.01.27 16:20,1.19313,1.19163,1.19813,0.02,5,1,1.19398,"('2026.01.27 16:45',)",1.7000000000000348
buy,2026.01.27 18:00,1.19585,1.19435,1.20085,0.02,5,1,1.19717,"('2026.01.27 18:25',)",2.6399999999999757
buy,2026.01.27 20:20,1.19775,1.19625,1.20275,0.02,5,1,1.19799,"('2026.01.27 20:45',)",0.48000000000003595
buy,2026.01.27 22:40,1.19845,1.19695,1.20345,0.02,1,1,1.20515,"('2026.01.27 22:45',)",13.399999999999856
buy,2026.01.28 00:15,1.20385,1.20235,1.20885,0.02,5,1,1.2038,"('2026.01.28 00:40',)",-0.10000000000021103
buy,2026.01.28 08:25,1.20013,1.1986299999999999,1.2051299999999998,0.02,5,1,1.19934,"('2026.01.28 08:50',)",-1.5799999999996928
sell,2026.01.28 12:15,1.19799,1.1994900000000002,1.1929900000000002,0.02,5,-1,1.19864,"('2026.01.28 12:40',)",-1.2999999999996348
sell,2026.01.28 20:25,1.19349,1.19499,1.18849,0.02,5,-1,1.19226,"('2026.01.28 20:50',)",2.4599999999996847
buy,2026.01.28 23:30,1.19466,1.19316,1.19966,0.02,5,1,1.19536,"('2026.01.28 23:55',)",1.399999999999846
buy,2026.01.29 06:20,1.19875,1.19725,1.2037499999999999,0.02,5,1,1.19867,"('2026.01.29 06:45',)",-0.16000000000016001
sell,2026.01.29 13:50,1.19491,1.19641,1.18991,0.02,5,-1,1.19478,"('2026.01.29 14:15',)",0.25999999999992696
buy,2026.01.29 20:25,1.19517,1.19367,1.20017,0.02,5,1,1.19617,"('2026.01.29 20:50',)",1.9999999999997797
buy,2026.01.29 23:05,1.19621,1.19471,1.2012099999999999,0.02,5,1,1.19684,"('2026.01.29 23:30',)",1.2599999999998168
sell,2026.01.30 05:30,1.1919,1.1934,1.1869,0.02,5,-1,1.19197,"('2026.01.30 05:55',)",-0.140000000000029
sell,2026.01.30 21:45,1.1868,1.1883000000000001,1.1818000000000002,0.02,5,-1,1.18624,"('2026.01.30 22:10',)",1.120000000000232
buy,2026.02.02 05:15,1.18694,1.18544,1.19194,0.02,5,1,1.18684,"('2026.02.02 05:40',)",-0.20000000000042206
buy,2026.02.02 10:05,1.18581,1.18431,1.19081,0.02,5,1,1.18626,"('2026.02.02 10:30',)",0.9000000000001229
buy,2026.02.02 12:45,1.18626,1.18476,1.19126,0.02,5,1,1.1865,"('2026.02.02 13:10',)",0.48000000000003595
sell,2026.02.02 17:25,1.18043,1.1819300000000001,1.1754300000000002,0.02,5,-1,1.17938,"('2026.02.02 17:50',)",2.0999999999999908
sell,2026.02.02 19:15,1.18076,1.18226,1.1757600000000001,0.02,5,-1,1.18036,"('2026.02.02 19:40',)",0.7999999999999119
buy,2026.02.03 01:00,1.17916,1.17766,1.1841599999999999,0.02,5,1,1.17957,"('2026.02.03 01:25',)",0.8200000000000429
buy,2026.02.03 06:00,1.18114,1.17964,1.18614,0.02,5,1,1.18137,"('2026.02.03 06:25',)",0.45999999999990493
sell,2026.02.03 16:50,1.17943,1.18093,1.17443,0.02,5,-1,1.17984,"('2026.02.03 17:15',)",-0.8200000000000429
sell,2026.02.03 21:55,1.18133,1.18283,1.17633,0.02,5,-1,1.18131,"('2026.02.03 22:20',)",0.03999999999981796
buy,2026.02.03 22:25,1.1812,1.1797,1.1862,0.02,5,1,1.18198,"('2026.02.03 22:50',)",1.5600000000000058
buy,2026.02.04 04:25,1.18246,1.18096,1.18746,0.02,5,1,1.18207,"('2026.02.04 04:50',)",-0.780000000000225
buy,2026.02.04 15:30,1.1816,1.1801,1.1865999999999999,0.02,5,1,1.18223,"('2026.02.04 15:55',)",1.2599999999998168
buy,2026.02.04 22:30,1.1804,1.1788999999999998,1.1853999999999998,0.02,5,1,1.18035,"('2026.02.04 22:55',)",-0.09999999999976694
sell,2026.02.05 08:05,1.17886,1.18036,1.1738600000000001,0.02,5,-1,1.17873,"('2026.02.05 08:30',)",0.25999999999992696
buy,2026.02.05 08:55,1.17903,1.17753,1.18403,0.02,5,1,1.1796,"('2026.02.05 09:20',)",1.1399999999999189
sell,2026.02.05 12:45,1.17906,1.18056,1.17406,0.02,5,-1,1.17891,"('2026.02.05 13:10',)",0.300000000000189
buy,2026.02.05 14:00,1.17947,1.17797,1.18447,0.02,5,1,1.17938,"('2026.02.05 14:25',)",-0.17999999999984695
buy,2026.02.05 15:15,1.17982,1.17832,1.18482,0.02,5,1,1.18051,"('2026.02.05 15:40',)",1.3799999999997146
buy,2026.02.06 11:40,1.17962,1.1781199999999998,1.1846199999999998,0.02,5,1,1.17973,"('2026.02.06 12:05',)",0.220000000000109
buy,2026.02.06 21:30,1.18169,1.1801899999999999,1.1866899999999998,0.02,5,1,1.18192,"('2026.02.06 21:55',)",0.460000000000349
buy,2026.02.06 22:45,1.182,1.1804999999999999,1.1869999999999998,0.02,5,1,1.18221,"('2026.02.06 23:10',)",0.42000000000008697
sell,2026.02.09 05:50,1.18243,1.1839300000000001,1.1774300000000002,0.02,5,-1,1.18236,"('2026.02.09 06:15',)",0.140000000000029
buy,2026.02.09 09:25,1.18508,1.1835799999999999,1.1900799999999998,0.02,5,1,1.18476,"('2026.02.09 09:50',)",-0.6399999999997519
buy,2026.02.10 05:30,1.19154,1.19004,1.19654,0.02,5,1,1.19113,"('2026.02.10 05:55',)",-0.8200000000000429
buy,2026.02.10 11:00,1.19121,1.18971,1.19621,0.02,5,1,1.19189,"('2026.02.10 11:25',)",1.359999999999584
sell,2026.02.10 18:45,1.19032,1.19182,1.1853200000000002,0.02,5,-1,1.1901,"('2026.02.10 19:10',)",0.440000000000218
sell,2026.02.10 19:30,1.19022,1.1917200000000001,1.1852200000000002,0.02,5,-1,1.18956,"('2026.02.10 19:55',)",1.3200000000002097
sell,2026.02.11 00:10,1.18942,1.19092,1.18442,0.02,5,-1,1.18918,"('2026.02.11 00:35',)",0.48000000000003595
buy,2026.02.11 03:50,1.18968,1.18818,1.19468,0.02,5,1,1.19049,"('2026.02.11 04:15',)",1.6199999999999548
buy,2026.02.11 06:10,1.19106,1.18956,1.19606,0.02,5,1,1.19103,"('2026.02.11 06:35',)",-0.05999999999994898
buy,2026.02.11 09:55,1.19177,1.19027,1.19677,0.02,5,1,1.1917,"('2026.02.11 10:20',)",-0.140000000000029
sell,2026.02.12 01:00,1.18729,1.18879,1.18229,0.02,5,-1,1.18746,"('2026.02.12 01:25',)",-0.34000000000000696
buy,2026.02.12 01:45,1.1874,1.1859,1.1924,0.02,5,1,1.18684,"('2026.02.12 02:10',)",-1.120000000000232
buy,2026.02.12 02:40,1.1875,1.186,1.1925,0.02,5,1,1.18787,"('2026.02.12 03:05',)",0.7399999999999629
buy,2026.02.12 03:30,1.18745,1.1859499999999998,1.1924499999999998,0.02,5,1,1.18805,"('2026.02.12 03:55',)",1.200000000000312
buy,2026.02.12 04:55,1.18788,1.18638,1.19288,0.02,5,1,1.18777,"('2026.02.12 05:20',)",-0.220000000000109
sell,2026.02.12 05:35,1.18748,1.1889800000000001,1.1824800000000002,0.02,5,-1,1.18714,"('2026.02.12 06:00',)",0.6800000000000139
buy,2026.02.12 10:45,1.18767,1.18617,1.19267,0.02,5,1,1.18869,"('2026.02.12 11:10',)",2.040000000000042
buy,2026.02.12 11:40,1.18849,1.18699,1.19349,0.02,5,1,1.18817,"('2026.02.12 12:05',)",-0.640000000000196
buy,2026.02.12 15:45,1.18846,1.18696,1.19346,0.02,5,1,1.18778,"('2026.02.12 16:10',)",-1.3600000000000279
buy,2026.02.12 23:15,1.18716,1.18566,1.1921599999999999,0.02,5,1,1.18686,"('2026.02.12 23:40',)",-0.5999999999999339
buy,2026.02.13 01:30,1.18705,1.1855499999999999,1.1920499999999998,0.02,5,1,1.1869,"('2026.02.13 01:55',)",-0.2999999999997449
buy,2026.02.13 04:40,1.18686,1.18536,1.19186,0.02,5,1,1.18682,"('2026.02.13 05:05',)",-0.08000000000008001
buy,2026.02.13 15:45,1.18675,1.18525,1.1917499999999999,0.02,5,1,1.18698,"('2026.02.13 16:10',)",0.45999999999990493
buy,2026.02.13 19:40,1.18764,1.18614,1.19264,0.02,5,1,1.18736,"('2026.02.13 20:05',)",-0.560000000000116
buy,2026.02.16 05:45,1.18659,1.18509,1.19159,0.02,5,1,1.18666,"('2026.02.16 06:10',)",0.140000000000029
sell,2026.02.16 18:10,1.18558,1.1870800000000001,1.1805800000000002,0.02,5,-1,1.18536,"('2026.02.16 18:35',)",0.440000000000218
buy,2026.02.16 21:45,1.18525,1.1837499999999999,1.1902499999999998,0.02,5,1,1.18531,"('2026.02.16 22:10',)",0.12000000000034206
buy,2026.02.16 22:40,1.1854,1.1839,1.1904,0.02,5,1,1.18534,"('2026.02.16 23:05',)",-0.11999999999989797
sell,2026.02.17 04:25,1.18449,1.18599,1.1794900000000001,0.02,5,-1,1.18415,"('2026.02.17 04:50',)",0.6800000000000139
buy,2026.02.17 21:30,1.18435,1.18285,1.18935,0.02,5,1,1.18479,"('2026.02.17 21:55',)",0.8799999999999919
sell,2026.02.18 05:05,1.18452,1.18602,1.1795200000000001,0.02,5,-1,1.18432,"('2026.02.18 05:30',)",0.39999999999995595
buy,2026.02.18 14:55,1.18397,1.18247,1.1889699999999999,0.02,5,1,1.18411,"('2026.02.18 15:20',)",0.280000000000058
sell,2026.02.18 18:05,1.18214,1.18364,1.17714,0.02,5,-1,1.18152,"('2026.02.18 18:30',)",1.2400000000001299
buy,2026.02.19 04:25,1.1793,1.1778,1.1843,0.02,5,1,1.17913,"('2026.02.19 04:50',)",-0.34000000000000696
buy,2026.02.19 08:05,1.17913,1.17763,1.18413,0.02,5,1,1.1797,"('2026.02.19 08:30',)",1.1399999999999189
buy,2026.02.19 10:55,1.18011,1.17861,1.1851099999999999,0.02,5,1,1.1802,"('2026.02.19 11:20',)",0.17999999999984695
sell,2026.02.20 05:15,1.17579,1.17729,1.17079,0.02,5,-1,1.17563,"('2026.02.20 05:40',)",0.31999999999987594
buy,2026.02.20 14:15,1.17661,1.1751099999999999,1.1816099999999998,0.02,5,1,1.17685,"('2026.02.20 14:40',)",0.48000000000003595
buy,2026.02.20 17:05,1.17791,1.17641,1.18291,0.02,5,1,1.1791,"('2026.02.20 17:30',)",2.3800000000000487
buy,2026.02.20 20:15,1.17818,1.17668,1.18318,0.02,5,1,1.17925,"('2026.02.20 20:40',)",2.1399999999998087
buy,2026.02.23 01:00,1.17947,1.17797,1.18447,0.02,5,1,1.18151,"('2026.02.23 01:25',)",4.080000000000084
sell,2026.02.23 06:55,1.18207,1.18357,1.17707,0.02,5,-1,1.18155,"('2026.02.23 07:20',)",1.0399999999997078
sell,2026.02.24 16:55,1.17733,1.17883,1.17233,0.02,5,-1,1.17675,"('2026.02.24 17:20',)",1.1600000000000499
sell,2026.02.24 21:40,1.17821,1.17971,1.17321,0.02,5,-1,1.17777,"('2026.02.24 22:05',)",0.8799999999999919
buy,2026.02.25 02:30,1.17767,1.17617,1.1826699999999999,0.02,5,1,1.17777,"('2026.02.25 02:55',)",0.19999999999997797
buy,2026.02.25 03:55,1.17783,1.1763299999999999,1.1828299999999998,0.02,5,1,1.17828,"('2026.02.25 04:20',)",0.9000000000001229
buy,2026.02.25 08:10,1.1802,1.1786999999999999,1.1851999999999998,0.02,5,1,1.18054,"('2026.02.25 08:35',)",0.6800000000000139
buy,2026.02.25 20:05,1.18074,1.1792399999999998,1.1857399999999998,0.02,5,1,1.18054,"('2026.02.25 20:30',)",-0.39999999999995595
buy,2026.02.26 00:25,1.18085,1.17935,1.1858499999999998,0.02,5,1,1.18119,"('2026.02.26 00:50',)",0.6800000000000139
buy,2026.02.26 01:35,1.18128,1.17978,1.18628,0.02,5,1,1.18136,"('2026.02.26 02:00',)",0.15999999999971593
buy,2026.02.26 02:30,1.18167,1.18017,1.18667,0.02,5,1,1.18189,"('2026.02.26 02:55',)",0.440000000000218
sell,2026.02.26 13:10,1.1804,1.1819,1.1754,0.02,5,-1,1.18027,"('2026.02.26 13:35',)",0.25999999999992696
buy,2026.02.26 16:40,1.18104,1.17954,1.18604,0.02,5,1,1.18112,"('2026.02.26 17:05',)",0.15999999999971593
buy,2026.02.27 04:25,1.17955,1.17805,1.18455,0.02,5,1,1.17986,"('2026.02.27 04:50',)",0.6199999999996209
buy,2026.02.27 07:20,1.18093,1.17943,1.18593,0.02,5,1,1.18071,"('2026.02.27 07:45',)",-0.440000000000218
sell,2026.02.27 13:30,1.18022,1.18172,1.1752200000000002,0.02,5,-1,1.18002,"('2026.02.27 13:55',)",0.39999999999995595
buy,2026.02.27 17:15,1.18026,1.17876,1.18526,0.02,5,1,1.18126,"('2026.02.27 17:40',)",1.9999999999997797
buy,2026.02.27 21:10,1.18178,1.18028,1.18678,0.02,5,1,1.18209,"('2026.02.27 21:35',)",0.6200000000000649
buy,2026.02.27 22:25,1.18233,1.18083,1.18733,0.02,5,1,1.18223,"('2026.02.27 22:50',)",-0.20000000000042206
sell,2026.03.02 01:45,1.17591,1.17741,1.1709100000000001,0.02,5,-1,1.177,"('2026.03.02 02:10',)",-2.1800000000000708
sell,2026.03.02 23:25,1.16937,1.17087,1.1643700000000001,0.02,5,-1,1.16906,"('2026.03.02 23:50',)",0.6200000000000649
sell,2026.03.03 00:40,1.16893,1.17043,1.1639300000000001,0.02,5,-1,1.16932,"('2026.03.03 01:05',)",-0.7799999999997809
sell,2026.03.03 06:05,1.16918,1.1706800000000002,1.1641800000000002,0.02,5,-1,1.16891,"('2026.03.03 06:30',)",0.540000000000429
sell,2026.03.03 08:55,1.1669,1.1684,1.1619000000000002,0.02,5,-1,1.16621,"('2026.03.03 09:20',)",1.3800000000001589
buy,2026.03.03 21:35,1.16157,1.16007,1.1665699999999999,0.02,5,1,1.16134,"('2026.03.03 22:00',)",-0.45999999999990493
buy,2026.03.04 13:55,1.16351,1.16201,1.16851,0.02,5,1,1.16376,"('2026.03.04 14:20',)",0.4999999999997229
buy,2026.03.05 11:55,1.16225,1.16075,1.16725,0.02,5,1,1.16202,"('2026.03.05 12:20',)",-0.45999999999990493
buy,2026.03.05 20:20,1.15827,1.1567699999999999,1.1632699999999998,0.02,5,1,1.15863,"('2026.03.05 20:45',)",0.720000000000276
buy,2026.03.06 01:30,1.16081,1.1593099999999998,1.1658099999999998,0.02,5,1,1.16064,"('2026.03.06 01:55',)",-0.34000000000000696
buy,2026.03.06 02:00,1.16093,1.15943,1.16593,0.02,5,1,1.16133,"('2026.03.06 02:25',)",0.7999999999999119
buy,2026.03.06 04:55,1.16162,1.16012,1.16662,0.02,5,1,1.16192,"('2026.03.06 05:20',)",0.5999999999999339
sell,2026.03.06 09:00,1.16088,1.16238,1.15588,0.02,5,-1,1.16114,"('2026.03.06 09:25',)",-0.520000000000298
buy,2026.03.06 17:50,1.15746,1.1559599999999999,1.1624599999999998,0.02,5,1,1.16045,"('2026.03.06 18:15',)",5.980000000000096
buy,2026.03.06 18:30,1.15984,1.15834,1.1648399999999999,0.02,5,1,1.16055,"('2026.03.06 18:55',)",1.4199999999999766
buy,2026.03.06 23:00,1.16116,1.15966,1.1661599999999999,0.02,5,1,1.16159,"('2026.03.06 23:25',)",0.8599999999998609
buy,2026.03.09 12:50,1.15606,1.15456,1.16106,0.02,5,1,1.15643,"('2026.03.09 13:15',)",0.7399999999999629
buy,2026.03.09 18:20,1.15926,1.15776,1.1642599999999999,0.02,5,1,1.15963,"('2026.03.09 18:45',)",0.7399999999999629
buy,2026.03.10 07:45,1.16175,1.16025,1.16675,0.02,5,1,1.16285,"('2026.03.10 08:10',)",2.1999999999997577
buy,2026.03.10 09:15,1.16359,1.1620899999999998,1.1685899999999998,0.02,5,1,1.16524,"('2026.03.10 09:40',)",3.3000000000003027
buy,2026.03.10 10:35,1.1655,1.164,1.1704999999999999,0.02,5,1,1.16495,"('2026.03.10 11:00',)",-1.100000000000101
sell,2026.03.10 13:50,1.16442,1.16592,1.1594200000000001,0.02,5,-1,1.16285,"('2026.03.10 14:15',)",3.1400000000001427
buy,2026.03.10 17:30,1.16472,1.16322,1.1697199999999999,0.02,5,1,1.16475,"('2026.03.10 17:55',)",0.05999999999994898
buy,2026.03.11 02:05,1.16122,1.1597199999999999,1.1662199999999998,0.02,5,1,1.16204,"('2026.03.11 02:30',)",1.6400000000000858
buy,2026.03.11 03:40,1.16245,1.16095,1.1674499999999999,0.02,5,1,1.1625,"('2026.03.11 04:05',)",0.10000000000021103
buy,2026.03.11 07:25,1.16312,1.1616199999999999,1.1681199999999998,0.02,5,1,1.16335,"('2026.03.11 07:50',)",0.460000000000349
buy,2026.03.11 08:30,1.16369,1.1621899999999998,1.1686899999999998,0.02,5,1,1.16335,"('2026.03.11 08:55',)",-0.6799999999995698
sell,2026.03.11 16:50,1.1587,1.1602000000000001,1.1537000000000002,0.02,5,-1,1.15765,"('2026.03.11 17:15',)",2.0999999999999908
sell,2026.03.11 19:30,1.15739,1.15889,1.15239,0.02,5,-1,1.15712,"('2026.03.11 19:55',)",0.5399999999999849
sell,2026.03.11 20:40,1.15721,1.1587100000000001,1.1522100000000002,0.02,5,-1,1.157,"('2026.03.11 21:05',)",0.42000000000008697
buy,2026.03.12 19:15,1.15246,1.15096,1.15746,0.02,5,1,1.1525,"('2026.03.12 19:40',)",0.08000000000008001
buy,2026.03.13 01:25,1.15162,1.15012,1.15662,0.02,5,1,1.15199,"('2026.03.13 01:50',)",0.7399999999999629
sell,2026.03.13 08:05,1.15025,1.15175,1.14525,0.02,5,-1,1.14934,"('2026.03.13 08:30',)",1.819999999999933
sell,2026.03.13 11:35,1.1457,1.1472,1.1407,0.02,5,-1,1.14609,"('2026.03.13 12:00',)",-0.780000000000225
sell,2026.03.13 12:10,1.14618,1.14768,1.14118,0.02,5,-1,1.14565,"('2026.03.13 12:35',)",1.0599999999998388
buy,2026.03.13 12:45,1.14666,1.14516,1.15166,0.02,5,1,1.14562,"('2026.03.13 13:10',)",-2.0799999999998597
buy,2026.03.13 13:15,1.14652,1.14502,1.1515199999999999,0.02,5,1,1.14655,"('2026.03.13 13:40',)",0.05999999999994898
buy,2026.03.13 15:25,1.14775,1.14625,1.15275,0.02,5,1,1.1487,"('2026.03.13 15:50',)",1.9000000000000128
buy,2026.03.16 01:30,1.14292,1.1414199999999999,1.1479199999999998,0.02,5,1,1.14353,"('2026.03.16 01:55',)",1.2199999999999989
buy,2026.03.16 12:05,1.14522,1.1437199999999998,1.1502199999999998,0.02,5,1,1.14701,"('2026.03.16 12:30',)",3.5800000000003607
buy,2026.03.16 14:10,1.14825,1.14675,1.1532499999999999,0.02,5,1,1.14812,"('2026.03.16 14:35',)",-0.25999999999992696
buy,2026.03.16 16:45,1.14835,1.14685,1.1533499999999999,0.02,5,1,1.14971,"('2026.03.16 17:10',)",2.7200000000000557
buy,2026.03.17 10:15,1.14912,1.1476199999999999,1.1541199999999998,0.02,5,1,1.15103,"('2026.03.17 10:40',)",3.820000000000157
buy,2026.03.17 11:45,1.15103,1.14953,1.15603,0.02,5,1,1.15101,"('2026.03.17 12:10',)",-0.03999999999981796
buy,2026.03.17 14:00,1.15109,1.14959,1.1560899999999998,0.02,5,1,1.15124,"('2026.03.17 14:25',)",0.300000000000189
buy,2026.03.17 18:35,1.15293,1.15143,1.15793,0.02,5,1,1.15291,"('2026.03.17 19:00',)",-0.03999999999981796
buy,2026.03.17 20:40,1.15405,1.15255,1.15905,0.02,5,1,1.15399,"('2026.03.17 21:05',)",-0.11999999999989797
buy,2026.03.18 02:00,1.15395,1.15245,1.15895,0.02,5,1,1.15377,"('2026.03.18 02:25',)",-0.360000000000138
sell,2026.03.18 03:40,1.15356,1.15506,1.14856,0.02,5,-1,1.1534,"('2026.03.18 04:05',)",0.31999999999987594
sell,2026.03.18 04:50,1.15351,1.15501,1.1485100000000001,0.02,5,-1,1.15329,"('2026.03.18 05:15',)",0.440000000000218
sell,2026.03.18 16:05,1.15155,1.1530500000000001,1.1465500000000002,0.02,5,-1,1.15118,"('2026.03.18 16:30',)",0.7399999999999629
buy,2026.03.19 04:05,1.14827,1.1467699999999998,1.1532699999999998,0.02,5,1,1.14895,"('2026.03.19 04:30',)",1.3600000000000279
buy,2026.03.19 13:45,1.14719,1.1456899999999999,1.1521899999999998,0.02,5,1,1.14748,"('2026.03.19 14:10',)",0.580000000000247
buy,2026.03.19 14:30,1.14749,1.1459899999999998,1.1524899999999998,0.02,5,1,1.14871,"('2026.03.19 14:55',)",2.4399999999999977
buy,2026.03.19 17:00,1.15237,1.1508699999999998,1.1573699999999998,0.02,5,1,1.15107,"('2026.03.19 17:25',)",-2.5999999999997137
buy,2026.03.19 20:15,1.15531,1.15381,1.16031,0.02,5,1,1.15537,"('2026.03.19 20:40',)",0.11999999999989797
buy,2026.03.19 20:45,1.15564,1.15414,1.16064,0.02,5,1,1.16082,"('2026.03.19 21:10',)",10.359999999999925
sell,2026.03.20 07:25,1.15589,1.1573900000000001,1.1508900000000002,0.02,5,-1,1.15535,"('2026.03.20 07:50',)",1.0799999999999699
buy,2026.03.20 09:00,1.15612,1.15462,1.16112,0.02,5,1,1.15705,"('2026.03.20 09:25',)",1.8599999999997507
buy,2026.03.20 09:55,1.15728,1.15578,1.16228,0.02,5,1,1.15797,"('2026.03.20 10:20',)",1.3799999999997146
sell,2026.03.23 00:30,1.15592,1.1574200000000001,1.1509200000000002,0.02,5,-1,1.1558,"('2026.03.23 00:55',)",0.24000000000024002
sell,2026.03.23 07:05,1.15499,1.15649,1.14999,0.02,5,-1,1.15369,"('2026.03.23 07:30',)",2.5999999999997137
sell,2026.03.23 09:10,1.15328,1.1547800000000001,1.1482800000000002,0.02,5,-1,1.15368,"('2026.03.23 09:35',)",-0.7999999999999119
buy,2026.03.24 22:45,1.16059,1.15909,1.16559,0.02,5,1,1.16028,"('2026.03.24 23:10',)",-0.6200000000000649
sell,2026.03.26 01:30,1.15588,1.15738,1.1508800000000001,0.02,5,-1,1.15613,"('2026.03.26 01:55',)",-0.500000000000167
sell,2026.03.26 18:50,1.15388,1.15538,1.1488800000000001,0.02,5,-1,1.15337,"('2026.03.26 19:15',)",1.020000000000021
sell,2026.03.26 21:00,1.15302,1.15452,1.14802,0.02,5,-1,1.15236,"('2026.03.26 21:25',)",1.3199999999997658
buy,2026.03.26 23:00,1.15304,1.15154,1.15804,0.02,5,1,1.15312,"('2026.03.26 23:25',)",0.15999999999971593
buy,2026.03.27 00:00,1.15374,1.15224,1.1587399999999999,0.02,5,1,1.1536,"('2026.03.27 00:25',)",-0.280000000000058
sell,2026.03.27 12:05,1.15212,1.15362,1.1471200000000001,0.02,5,-1,1.15222,"('2026.03.27 12:30',)",-0.19999999999997797
buy,2026.03.27 17:20,1.15343,1.15193,1.1584299999999998,0.02,5,1,1.15322,"('2026.03.27 17:45',)",-0.42000000000008697
buy,2026.03.27 22:05,1.15169,1.15019,1.15669,0.02,5,1,1.15097,"('2026.03.27 22:30',)",-1.440000000000108
buy,2026.03.30 05:25,1.15063,1.14913,1.15563,0.02,5,1,1.15093,"('2026.03.30 05:50',)",0.5999999999999339
sell,2026.03.30 13:20,1.14944,1.15094,1.1444400000000001,0.02,5,-1,1.14923,"('2026.03.30 13:45',)",0.42000000000008697
sell,2026.03.30 16:15,1.14856,1.15006,1.1435600000000001,0.02,5,-1,1.14685,"('2026.03.30 16:40',)",3.4200000000002007
sell,2026.03.31 07:35,1.1472,1.1487,1.1422,0.02,5,-1,1.14709,"('2026.03.31 08:00',)",0.220000000000109
sell,2026.03.31 08:50,1.14675,1.14825,1.14175,0.02,5,-1,1.1464,"('2026.03.31 09:15',)",0.6999999999997009
buy,2026.03.31 16:05,1.15124,1.14974,1.15624,0.02,5,1,1.15148,"('2026.03.31 16:30',)",0.48000000000003595
buy,2026.03.31 20:35,1.1549,1.1534,1.1599,0.02,5,1,1.15418,"('2026.03.31 21:00',)",-1.440000000000108
buy,2026.04.01 14:30,1.15989,1.15839,1.16489,0.02,5,1,1.16074,"('2026.04.01 14:55',)",1.7000000000000348
buy,2026.04.01 15:30,1.16018,1.15868,1.1651799999999999,0.02,5,1,1.16044,"('2026.04.01 15:55',)",0.5199999999998539
buy,2026.04.01 16:05,1.16038,1.15888,1.1653799999999999,0.02,5,1,1.16207,"('2026.04.01 16:30',)",3.3799999999999386
buy,2026.04.01 17:35,1.16169,1.1601899999999998,1.1666899999999998,0.02,5,1,1.16219,"('2026.04.01 18:00',)",1.000000000000334
sell,2026.04.01 22:45,1.15855,1.16005,1.15355,0.02,5,-1,1.15863,"('2026.04.01 23:10',)",-0.16000000000016001
sell,2026.04.02 10:00,1.15334,1.15484,1.1483400000000001,0.02,5,-1,1.1529,"('2026.04.02 10:25',)",0.8799999999999919
buy,2026.04.02 17:30,1.15298,1.1514799999999998,1.1579799999999998,0.02,5,1,1.15511,"('2026.04.02 17:55',)",4.260000000000375
sell,2026.04.03 00:10,1.15369,1.1551900000000002,1.1486900000000002,0.02,5,-1,1.15394,"('2026.04.03 00:35',)",-0.4999999999997229
buy,2026.04.03 12:05,1.15443,1.15293,1.15943,0.02,5,1,1.15432,"('2026.04.03 12:30',)",-0.220000000000109
sell,2026.04.03 17:00,1.15289,1.15439,1.14789,0.02,5,-1,1.15265,"('2026.04.03 17:25',)",0.48000000000003595
buy,2026.04.06 00:15,1.15231,1.1508099999999999,1.1573099999999998,0.02,5,1,1.15196,"('2026.04.06 00:40',)",-0.6999999999997009
buy,2026.04.06 07:15,1.15194,1.15044,1.1569399999999999,0.02,5,1,1.15224,"('2026.04.06 07:40',)",0.5999999999999339
buy,2026.04.06 10:10,1.15301,1.15151,1.15801,0.02,5,1,1.15452,"('2026.04.06 10:35',)",3.0199999999998006
sell,2026.04.06 15:05,1.15466,1.15616,1.1496600000000001,0.02,5,-1,1.15485,"('2026.04.06 15:30',)",-0.3799999999998249
sell,2026.04.06 22:50,1.15438,1.15588,1.14938,0.02,5,-1,1.15429,"('2026.04.06 23:15',)",0.17999999999984695
buy,2026.04.07 07:40,1.15356,1.1520599999999999,1.1585599999999998,0.02,5,1,1.15375,"('2026.04.07 08:05',)",0.380000000000269
buy,2026.04.07 10:55,1.15428,1.15278,1.1592799999999999,0.02,5,1,1.15611,"('2026.04.07 11:20',)",3.6599999999999966
buy,2026.04.08 00:55,1.15977,1.15827,1.1647699999999999,0.02,5,1,1.16119,"('2026.04.08 01:20',)",2.8399999999999532
sell,2026.04.09 00:20,1.16638,1.16788,1.16138,0.02,5,-1,1.16624,"('2026.04.09 00:45',)",0.280000000000058
buy,2026.04.09 05:05,1.1661,1.1645999999999999,1.1710999999999998,0.02,5,1,1.16665,"('2026.04.09 05:30',)",1.100000000000101
buy,2026.04.09 14:00,1.16741,1.16591,1.17241,0.02,5,1,1.16811,"('2026.04.09 14:25',)",1.399999999999846
buy,2026.04.09 14:30,1.16822,1.16672,1.17322,0.02,5,1,1.16879,"('2026.04.09 14:55',)",1.1399999999999189
buy,2026.04.10 17:55,1.17277,1.17127,1.17777,0.02,5,1,1.17385,"('2026.04.10 18:20',)",2.1599999999999397
buy,2026.04.13 07:00,1.16877,1.16727,1.17377,0.02,5,1,1.16886,"('2026.04.13 07:25',)",0.17999999999984695
buy,2026.04.13 20:55,1.17334,1.17184,1.17834,0.02,5,1,1.17369,"('2026.04.13 21:20',)",0.6999999999997009
buy,2026.04.13 21:25,1.1737,1.1722,1.1786999999999999,0.02,5,1,1.1758,"('2026.04.13 21:50',)",4.1999999999999815
buy,2026.04.13 22:45,1.17594,1.17444,1.1809399999999999,0.02,5,1,1.17611,"('2026.04.13 23:10',)",0.34000000000000696
sell,2026.04.14 06:00,1.17602,1.1775200000000001,1.1710200000000002,0.02,5,-1,1.176,"('2026.04.14 06:25',)",0.04000000000026205
buy,2026.04.14 07:40,1.17672,1.17522,1.1817199999999999,0.02,5,1,1.17675,"('2026.04.14 08:05',)",0.05999999999994898
buy,2026.04.14 12:55,1.17886,1.17736,1.18386,0.02,5,1,1.17948,"('2026.04.14 13:20',)",1.2400000000001299
buy,2026.04.14 16:30,1.1798,1.1783,1.1847999999999999,0.02,5,1,1.17989,"('2026.04.14 16:55',)",0.18000000000029104
sell,2026.04.14 20:25,1.17973,1.18123,1.17473,0.02,5,-1,1.17972,"('2026.04.14 20:50',)",0.019999999999686935
buy,2026.04.15 01:45,1.17943,1.17793,1.1844299999999999,0.02,5,1,1.17945,"('2026.04.15 02:10',)",0.04000000000026205
sell,2026.04.15 04:55,1.17907,1.1805700000000001,1.1740700000000002,0.02,5,-1,1.1784,"('2026.04.15 05:20',)",1.3400000000003411
sell,2026.04.15 12:00,1.17843,1.1799300000000001,1.1734300000000002,0.02,5,-1,1.17844,"('2026.04.15 12:25',)",-0.019999999999686935
sell,2026.04.15 14:30,1.17767,1.17917,1.17267,0.02,5,-1,1.17829,"('2026.04.15 14:55',)",-1.2400000000001299
sell,2026.04.15 15:00,1.17825,1.17975,1.1732500000000001,0.02,5,-1,1.1784,"('2026.04.15 15:25',)",-0.2999999999997449
buy,2026.04.15 15:45,1.17858,1.17708,1.1835799999999999,0.02,5,1,1.17875,"('2026.04.15 16:10',)",0.34000000000000696
buy,2026.04.15 17:55,1.17965,1.17815,1.18465,0.02,5,1,1.18054,"('2026.04.15 18:20',)",1.779999999999671
sell,2026.04.16 18:15,1.17771,1.17921,1.1727100000000001,0.02,5,-1,1.17772,"('2026.04.16 18:40',)",-0.020000000000131024
sell,2026.04.17 00:30,1.17805,1.17955,1.1730500000000001,0.02,5,-1,1.17799,"('2026.04.17 00:55',)",0.11999999999989797
buy,2026.04.17 14:05,1.17948,1.17798,1.18448,0.02,5,1,1.17969,"('2026.04.17 14:30',)",0.4199999999996429
buy,2026.04.20 07:40,1.17581,1.17431,1.18081,0.02,5,1,1.17582,"('2026.04.20 08:05',)",0.020000000000131024
buy,2026.04.20 10:55,1.17593,1.1744299999999999,1.1809299999999998,0.02,5,1,1.17585,"('2026.04.20 11:20',)",-0.15999999999971593
buy,2026.04.20 13:50,1.17669,1.17519,1.18169,0.02,5,1,1.17725,"('2026.04.20 14:15',)",1.1199999999997878
buy,2026.04.20 17:10,1.1771,1.1756,1.1821,0.02,5,1,1.17738,"('2026.04.20 17:35',)",0.560000000000116
buy,2026.04.20 18:35,1.17872,1.17722,1.1837199999999999,0.02,5,1,1.17847,"('2026.04.20 19:00',)",-0.500000000000167
buy,2026.04.20 23:00,1.17859,1.17709,1.18359,0.02,5,1,1.17857,"('2026.04.20 23:25',)",-0.04000000000026205
buy,2026.04.20 23:30,1.1785,1.177,1.1835,0.02,5,1,1.17871,"('2026.04.20 23:55',)",0.4199999999996429
sell,2026.04.21 12:20,1.17585,1.1773500000000001,1.1708500000000002,0.02,5,-1,1.17573,"('2026.04.21 12:45',)",0.24000000000024002
buy,2026.04.21 17:30,1.17642,1.17492,1.18142,0.02,5,1,1.17523,"('2026.04.21 17:55',)",-2.3800000000000487
buy,2026.04.22 11:05,1.17545,1.17395,1.18045,0.02,5,1,1.17491,"('2026.04.22 11:30',)",-1.080000000000414
buy,2026.04.23 03:50,1.17119,1.16969,1.1761899999999998,0.02,5,1,1.17078,"('2026.04.23 04:15',)",-0.8200000000000429
buy,2026.04.23 08:40,1.17021,1.16871,1.1752099999999999,0.02,5,1,1.1706,"('2026.04.23 09:05',)",0.780000000000225
sell,2026.04.23 11:10,1.17015,1.17165,1.1651500000000001,0.02,5,-1,1.16983,"('2026.04.23 11:35',)",0.640000000000196
buy,2026.04.23 17:00,1.16925,1.1677499999999998,1.1742499999999998,0.02,5,1,1.17056,"('2026.04.23 17:25',)",2.6200000000002888
buy,2026.04.23 18:10,1.17072,1.16922,1.1757199999999999,0.02,5,1,1.17078,"('2026.04.23 18:35',)",0.11999999999989797
sell,2026.04.23 23:45,1.16839,1.16989,1.1633900000000001,0.02,5,-1,1.16842,"('2026.04.24 00:10',)",-0.05999999999994898
sell,2026.04.24 00:15,1.16847,1.16997,1.16347,0.02,5,-1,1.16821,"('2026.04.24 00:40',)",0.5199999999998539
buy,2026.04.24 03:25,1.16871,1.1672099999999999,1.1737099999999998,0.02,5,1,1.16842,"('2026.04.24 03:50',)",-0.5799999999998029
buy,2026.04.24 17:25,1.17115,1.1696499999999999,1.1761499999999998,0.02,5,1,1.17062,"('2026.04.24 17:50',)",-1.0599999999998388
buy,2026.04.24 22:50,1.17172,1.17022,1.17672,0.02,5,1,1.1719,"('2026.04.24 23:15',)",0.3599999999996939
sell,2026.04.27 02:20,1.17083,1.17233,1.1658300000000001,0.02,5,-1,1.17064,"('2026.04.27 02:45',)",0.380000000000269
buy,2026.04.27 05:20,1.17229,1.17079,1.17729,0.02,5,1,1.17278,"('2026.04.27 05:45',)",0.9799999999997588
buy,2026.04.27 07:15,1.17295,1.1714499999999999,1.1779499999999998,0.02,5,1,1.17299,"('2026.04.27 07:40',)",0.08000000000008001
sell,2026.04.27 22:45,1.17223,1.1737300000000002,1.1672300000000002,0.02,5,-1,1.17214,"('2026.04.27 23:10',)",0.18000000000029104
buy,2026.04.28 02:55,1.17229,1.17079,1.17729,0.02,5,1,1.17234,"('2026.04.28 03:20',)",0.09999999999976694
sell,2026.04.28 06:30,1.17166,1.17316,1.16666,0.02,5,-1,1.17133,"('2026.04.28 06:55',)",0.6599999999998829
buy,2026.04.29 10:25,1.1705,1.169,1.1755,0.02,5,1,1.1707,"('2026.04.29 10:50',)",0.39999999999995595
sell,2026.04.29 12:35,1.17008,1.17158,1.1650800000000001,0.02,5,-1,1.17015,"('2026.04.29 13:00',)",-0.140000000000029
sell,2026.04.29 16:05,1.17003,1.17153,1.16503,0.02,5,-1,1.16842,"('2026.04.29 16:30',)",3.2199999999997786
sell,2026.04.29 17:35,1.1692,1.1707,1.1642000000000001,0.02,5,-1,1.16976,"('2026.04.29 18:00',)",-1.1199999999997878
buy,2026.04.30 21:15,1.17294,1.17144,1.17794,0.02,5,1,1.17359,"('2026.04.30 21:40',)",1.2999999999996348
buy,2026.05.01 05:50,1.17314,1.17164,1.17814,0.02,5,1,1.17342,"('2026.05.01 06:15',)",0.5599999999996719
buy,2026.05.01 11:15,1.17365,1.17215,1.17865,0.02,5,1,1.17446,"('2026.05.01 11:40',)",1.6199999999999548
